hs_code,대분류 선택                                           
210,"육과식용설육(屑肉)(염장하거나염수장한것ㆍ건조하거나훈제한것으로한정한다),육이나설육(屑肉)의식용고운가루ㆍ거친가루"
301,활어
302,신선하거나냉장한어류[제0304호의어류의필레(fillet)와그밖의어육은제외한다]
303,냉동어류[제0304호의어류의필레(fillet)와기타어육은제외한다]
304,"어류의필레(fillet)와그밖의어육(잘게썰었는지에상관없으며신선한것,냉장ㆍ냉동한것으로한정한다)"
305,"건조한어류,염장이나염수장한어류,훈제한어류(훈제과정중이나훈제전에조리한것인지에상관없다),어류의고운가루ㆍ거친가루와펠릿(pellet)(식용에적합한것으로한정한다)"
306,"갑각류[껍데기가붙어있는것인지에상관없으며살아있는것과신선한것ㆍ냉장이나냉동한것ㆍ건조한것ㆍ염장이나염수장한것,훈제한것(껍데기가붙어있는것인지또는훈제전이나훈제과정중에조리한것인지에상관없다),껍데기가붙어있는상태로물에찌거나삶은것(냉장이나냉동한것ㆍ건조한것ㆍ염장이나염수장한것인지에상관없다),갑각류의고운가루ㆍ거친가루와펠릿(pellet)(식용에적합한것으로한정한다)을포함한다]"
307,"연체동물[껍데기가붙어있는지에상관없으며살아있는것과신선한것ㆍ냉장이나냉동한것ㆍ건조한것ㆍ염장이나염수장한것,훈제한것(껍데기가붙어있는것인지또는훈제전이나훈제과정중에조리한것인지에상관없다),연체동물의고운가루ㆍ거친가루와펠릿(pellet)(식용에적합한것으로한정한다)을포함한다]"
308,"수생(水生) 무척추동물[갑각류와 연체동물은 제외하며, 살아 있는 것과 신선한 것·냉장이나 냉동한 것·건조한 것, 염장이나 염수장한 것, 훈제한 것(갑각류와 연체동물은 제외하며, 훈제 전이나 훈제과정 중에 조리한 것인지에 상관없다), 수생(水生) 무척추동물(갑각류와 연체동물은 제외한다)의 고운 가루·거친 가루와 펠릿(pellet)(식용에 적합한 것으로 한정한다)을 포함한다]"
401,밀크와크림(농축하지않은것으로서설탕이나그밖의감미료를첨가하지않은것으로한정한다)
402,밀크와크림(농축하였거나설탕이나그밖의감미료를첨가한것으로한정한다)
403,버터밀크ㆍ응고밀크와응고크림ㆍ요구르트ㆍ케피어(kephir)와그밖의발효되거나산성화된밀크와크림(농축한것인지또는설탕이나그밖의감미료를첨가한것인지또는향ㆍ과실ㆍ견과류ㆍ코코아를첨가한것인지에상관없다)
404,유장(농축한것인지또는설탕이나그밖의감미료를첨가한것인지에상관없다)과따로분류된것외의천연밀크의성분을함유하는물품(설탕이나그밖의감미료를첨가한것인지에상관없다)
406,치즈와커드(curd)
410,기타  식용의  동물성생산품
502,돼지털ㆍ멧돼지털ㆍ오소리털과그밖의브러시제조용동물의털과이들의웨이스트(waste)
505,"새의깃털이나솜털이붙은가죽과그밖의부분,깃털과그부분(가장자리를정리했는지에상관없다),새의솜털(청정ㆍ소독ㆍ보존을위한처리이상의가공을하지않은것으로한정한다),새의깃털이나그부분의가루와웨이스트(waste)"
507,"아이보리(ivory)ㆍ귀갑(龜甲)ㆍ고래수염과그털ㆍ뿔(horn)ㆍ사슴뿔ㆍ발굽ㆍ발톱ㆍ부리(가공하지않은것과단순히정리한것으로한정하며,특정한모양으로깎은것은제외한다),이들의가루와웨이스트(waste)"
508,"산호 ,연체동물·갑각류·극피동물의  껍데기 ,오징어뼈와  그들의  분과  웨이스트"
510,"용연향 ,해리향 ,담즙 ,의약품제조용의  선 .기타동물성생산품"
511,따로분류되지않은동물성생산품과제1류나제3류의동물의사체로서식용에적합하지않은것
602,"그밖의살아있는식물(뿌리를포함한다)ㆍ꺾꽂이용가지ㆍ접붙임용가지,버섯의종균(種菌)"
603,절화(切花)와꽃봉오리(신선한것과건조ㆍ염색ㆍ표백ㆍ침투나그밖의가공을한것으로서꽃다발용이나장식용에적합한것으로한정한다)
604,"식물의잎ㆍ가지와그밖의부분(꽃과꽃봉오리가없는것으로한정한다),풀ㆍ이끼ㆍ지의(地衣)(신선한것과건조ㆍ염색ㆍ표백ㆍ침투나그밖의가공을한것으로서꽃다발용이나장식용에적합한것으로한정한다)"
703,양파ㆍ쪽파ㆍ마늘ㆍ리크(leek)와그밖의파속의채소(신선한것이나냉장한것으로한정한다)
706,당근ㆍ순무ㆍ샐러드용사탕무뿌리ㆍ선모(仙茅)ㆍ셀러리액(celeriac)ㆍ무와그밖에이와유사한식용뿌리(신선한것이나냉장한것으로한정한다)
707,"오이류 (신선 ,냉장한것 )"
709,그밖의채소(신선한것이나냉장한것으로한정한다)
710,냉동채소(조리하지않은것이나물에삶거나쪄서조리한것으로한정한다)
712,"건조한채소(원래모양인것,절단한것,얇게썬것,부순것,가루모양인것으로한정하며,더이상조제한것은제외한다)"
714,"매니옥(manioc)ㆍ칡뿌리ㆍ살렙(salep)ㆍ돼지감자(Jerusalemartichoke)ㆍ고구마와그밖에이와유사한전분이나이눌린(inulin)을다량함유한뿌리ㆍ괴경(塊莖)[자른것인지또는펠릿(pellet)모양인지에상관없으며신선한것,냉장ㆍ냉동한것,건조한것으로한정한다],사고야자(sago)의심(pith)"
802,"그밖의견과류(신선하거나건조한것으로한정하며,껍데기나껍질을벗겼는지에상관없다)"
805,감귤류의과실(신선하거나건조한것으로한정한다)
806,포도(신선하거나건조한것으로한정한다)
810,그밖의과실(신선한것으로한정한다)
811,"냉동과실과냉동견과류(조리하지않은것이나물에삶거나찐것으로한정하며,설탕이나그밖의감미료를첨가했는지에상관없다)"
813,"건조한과실(제0801호부터제0806호까지에해당하는것은제외한다),이류의견과류나건조한과실의혼합물"
814,"감귤류  껍질 ,멜론 (수박포함 )껍질 (신선 ,냉동 ,건조 ,저장처리한것 )"
901,"커피(볶았는지,카페인을제거했는지에상관없다),커피의껍데기와껍질,커피를함유한커피대용물"
902,차류(맛과향을첨가했는지에상관없다)
904,"후추[파이퍼(Piper)속의것으로한정한다],건조하거나부수거나잘게부순고추류[캡시컴(Capsicum)속]의열매나피멘타(Pimenta)속의열매"
910,생강ㆍ사프란(saffron)ㆍ심황[강황(薑黃)]ㆍ타임(thyme)ㆍ월계수잎ㆍ카레와그밖의향신료
1001,밀과메슬린(meslin)
1003,보리
1005,옥수수
1006,쌀
1008,메밀ㆍ밀리트(millet)ㆍ카나리시드(canaryseed)와그밖의곡물
1101,"밀가루, 메슬린가루"
1102,곡물가루[밀가루나메슬린(meslin)가루는제외한다]
1103,곡물의부순알곡ㆍ거친가루ㆍ펠릿(pellet)
1104,"그밖의가공한곡물[예:껍질을벗긴것ㆍ압착한것ㆍ플레이크(flake)모양인것ㆍ진주모양인것ㆍ얇은조각으로만든것ㆍ거칠게빻은것(제1006호의쌀은제외한다)],곡물의씨눈으로서원래모양인것ㆍ압착한것ㆍ플레이크(flake)모양인것ㆍ잘게부순것"
1105,감자의고운가루ㆍ거친가루ㆍ가루ㆍ플레이크(flake)ㆍ알갱이ㆍ펠릿(pellet)
1106,"건조한채두류(菜豆類)(제0713호의것),사고(sago)ㆍ뿌리나괴경(塊莖)(제0714호의것),제8류물품의고운가루ㆍ거친가루ㆍ가루"
1107,맥아(볶은것인지에상관없다)
1108,전분과이눌린(inulin)
1109,밀의 글루우텐
1202,"땅콩(볶거나그밖의조리를한것은제외하며,껍데기를벗겼는지,부수었는지에상관없다)"
1207,그밖의채유(採油)에적합한종자와과실(부수었는지에상관없다)
1208,채유(採油)에적합한종자와과실의고운가루와거친가루(겨자의고운가루와거친가루는제외한다)
1209,파종용종자ㆍ과실ㆍ포자(胞子)
1211,"주로향료용ㆍ의료용ㆍ살충용ㆍ살균용과그밖에이와유사한용도에적합한식물과그부분(종자와과실을포함하고,신선하거나건조한것으로한정하며,절단하거나잘게부순것인지또는가루로된것인지에상관없다)"
1212,"로커스트콩(locustbean)ㆍ해초류와그밖의조류(藻類)ㆍ사탕무와사탕수수(신선한것ㆍ냉장이나냉동한것ㆍ건조한것으로서잘게부수었는지에상관없다),주로식용에적합한과실의핵(核)과그밖의식물성생산품[볶지않은시코리엄인티부스새티범(Cichoriumintybussativum)변종의치커리(chicory)뿌리를포함한다]으로서따로분류되지않은것"
1213,곡물의  짚과  껍질 (조제하지  않은것 )
1301,"락(lac),천연검ㆍ수지ㆍ검수지ㆍ올레오레진(oleoresin)[예:발삼(balsam)]"
1302,"식물성수액과추출물(extract),펙틴질,펙티닝산염(pectinate)과펙틴산염(pectate),식물성원료에서얻은한천ㆍ그밖의점질물과시커너(thickener)(변성가공했는지에상관없다)"
1404,따로분류되지않은식물성생산품
1502,소ㆍ면양ㆍ산양의지방(제1503호의것은제외한다)
1504,어류나바다에서사는포유동물의지방과기름및그분획물(정제했는지에상관없으며화학적으로변성가공한것은제외한다)
1505,우울그리이스와  이에서  얻은  지방성물질 (라놀린포함 )
1507,대두유와그분획물(정제했는지에상관없으며화학적으로변성가공한것은제외한다)
1509,올리브유와그분획물(정제했는지에상관없으며화학적으로변성가공한것은제외한다)
1510,기타 올리브유와 그 분획물
1512,해바라기씨유ㆍ잇꽃유ㆍ목화씨유와그분획물(정제했는지에상관없으며화학적으로변성가공한것은제외한다)
1513,"야자[코프라(copra)]유,팜핵유(palmkerneloil),바바수유(babassuoil)와이들의분획물(정제했는지에상관없으며화학적으로변성가공한것은제외한다)"
1514,"유채유(rapeoil,colzaoil),겨자유와이들의분획물(정제했는지에상관없으며화학적으로변성가공한것은제외한다)"
1515,그밖의비휘발성인식물성지방과기름[호호바유(jojobaoil)를포함한다]과그분획물(정제했는지에상관없으며화학적으로변성가공한것은제외한다)
1516,"동물성ㆍ식물성지방과기름및이들의분획물[전체적으로나부분적으로수소를첨가한것,인터에스텔화한(inter-esterified)것,리에스텔화한(re-esterified)것,엘라이딘화한(elaidinised)것으로한정하며,정제했는지에상관없으며더이상가공한것은제외한다]"
1517,"마가린,동물성ㆍ식물성지방이나기름또는이류의다른지방이나기름의분획물로만든식용혼합물이나조제품(제1516호의식용지방이나기름또는이들의분획물은제외한다)"
1518,"동 .식물성유지 ,분획물 (산화등  화학적변성됨 ),비식용  동 .식물성유지혼합물"
1520,"글리세롤 ,글리세롤수 ,글리세롤폐액"
1521,식물성납(蠟)[트리글리세라이드(triglyceride)는제외한다]ㆍ밀랍(蜜蠟)과그밖의곤충납(昆蟲蠟)ㆍ경납(鯨蠟)(정제했는지또는착색했는지에상관없다)
1601,"소시지 ,기타  유사물품 (육 ,설육 ,피로  조제한것 )과  이들의  조제식품"
1602,그밖의조제하거나보존처리한육ㆍ설육(屑肉)이나피
1603,육 .어류 .갑각류 .연체동물 .기타  수생무철추동물의  엑스와  즙
1604,"조제하거나보존처리한어류,캐비아,어란(魚卵)으로조제한캐비아대용물"
1605,조제하거나보존처리한갑각류ㆍ연체동물ㆍ그밖의수생(水生)무척추동물
1701,"사탕수수당이나사탕무당,화학적으로순수한자당(蔗糖)(고체상태인것으로한정한다)"
1702,"그밖의당류(糖類)[화학적으로순수한유당(乳糖)ㆍ맥아당ㆍ포도당ㆍ과당을포함하며,고체상태인것으로한정한다],당시럽[향미제(香味劑)나착색제를첨가하지않은것으로한정한다],인조꿀(천연꿀을혼합했는지에상관없다),캐러멜당"
1704,"설탕과자(백색초콜릿을포함하며,코코아를함유한것은제외한다)"
1804,코코아  버터 (지와  유 )
1806,초콜릿과코코아를함유한그밖의조제식료품
1901,"맥아추출물(extract)과고운가루ㆍ부순알곡ㆍ거친가루ㆍ전분이나맥아추출물(extract)의조제식료품[코코아를함유하지않은것이나완전히탈지(脫脂)한상태에서측정한코코아의함유량이전중량의100분의40미만인것으로따로분류되지않은것으로한정한다],제0401호부터제0404호까지에해당하는물품의조제식료품[코코아를함유하지않은것이나완전히탈지(脫脂)한상태에서측정한코코아의함유량이전중량의100분의5미만인것으로따로분류되지않은것으로한정한다]"
1902,파스타[조리한것인지또는육(肉)이나그밖의물품으로속을채운것인지에상관없으며스파게티ㆍ마카로니ㆍ누들ㆍ라자니아(lasagne)ㆍ뇨키(gnocchi)ㆍ라비올리(ravioli)ㆍ카넬로니(cannelloni)등과같이그밖의방법으로조제한것을포함한다]와쿠스쿠스(couscous)(조제한것인지에상관없다)
1903,"타피오카 ,전분으로  제조한  타피오카대용물"
1904,곡물이나곡물가공품을팽창시키거나볶아서얻은조제식료품[예:콘플레이크(cornflake)]과낟알모양이나플레이크(flake)모양인곡물(옥수수는제외한다)과그밖의가공한곡물(고운가루ㆍ부순알곡ㆍ거친가루는제외하고사전조리나그밖의방법으로조제한것으로서따로분류되지않은것으로한정한다)
1905,"빵ㆍ파이ㆍ케이크ㆍ비스킷과그밖의베이커리제품(코코아를함유하였는지에상관없다),성찬용웨이퍼ㆍ제약용에적합한빈캡슐ㆍ실링웨이퍼(sealingwafer)ㆍ라이스페이퍼(ricepaper)와그밖에이와유사한물품"
2001,식초나초산으로조제하거나보존처리한채소ㆍ과실ㆍ견과류와그밖의식용에적합한식물의부분
2005,"조제하거나보존처리한그밖의채소(식초나초산으로처리한것은제외하고,냉동하지않은것으로한정하며,제2006호의물품은제외한다)"
2006,"설탕으로  저장처리한  과실 ,견과류 ,과피 ,식물의기타부분"
2007,"잼ㆍ과실젤리ㆍ마멀레이드(marmalade)ㆍ과실이나견과류의퓨레(puree)ㆍ과실이나견과류의페이스트(paste)(조리해서얻은것으로한정하며,설탕이나그밖의감미료를첨가했는지에상관없다)"
2008,그밖의방법으로조제하거나보존처리한과실ㆍ견과류와그밖의식용에적합한식물의부분(설탕이나그밖의감미료나주정을첨가했는지에상관없으며따로분류되지않은것으로한정한다)
2009,과실주스(포도즙을포함한다)와채소주스(설탕이나그밖의감미료를첨가했는지에상관없으며발효하지않은것으로주정을함유하지않은것으로한정한다)
2101,"커피ㆍ차ㆍ마테(mate)의추출물(extract)ㆍ에센스(essence)ㆍ농축물과이것들을기본재료로한조제품,커피ㆍ차ㆍ마테(mate)를기본재료로한조제품,볶은치커리(chicory)ㆍ그밖의볶은커피대용물과이들의추출물(extract)ㆍ에센스(essence)ㆍ농축물"
2102,"효모(활성이거나불활성인것으로한정한다),그밖의단세포미생물(죽은것으로한정하며,제3002호의백신은제외한다)과조제한베이킹파우더"
2103,"소스와소스용조제품,혼합조미료,겨자의고운가루ㆍ거친가루와조제한겨자"
2104,"수프ㆍ브로드(broth)와수프ㆍ브로드(broth)용조제품,균질화한혼합조제식료품"
2105,"아이스크림 ,기타  빙과류"
2106,따로분류되지않은조제식료품
2201,"물(천연이나인조광천수와탄산수를포함하며,설탕이나그밖의감미료또는맛이나향을첨가하지않은것으로한정한다)과얼음과눈"
2202,설탕이나그밖의감미료또는맛이나향을첨가한물(광천수와탄산수를포함한다)과그밖의알코올을함유하지않은음료(제2009호의과실주스와채소주스는제외한다)
2203,맥주
2204,"포도주(생포도로제조한것으로한정하며,알코올로강화한포도주를포함한다)와포도즙(제2009호의것은제외한다)"
2206,"발효주 (사과술 ,배술 ,미이드  등 )"
2207,"변성하지않은에틸알코올(알코올의용량이전용량의100분의80이상인것으로한정한다),변성에틸알코올,그밖의변성주정(알코올의용량은상관없다)"
2208,"변성하지않은에틸알코올(알코올의용량이전용량의100분의80미만인것으로한정한다),증류주ㆍ리큐르(liqueur)와그밖의주정음료"
2209,"식초 ,초산으로  만든  식초대용물"
2301,육ㆍ설육(屑肉)ㆍ어류ㆍ갑각류ㆍ연체동물이나그밖의수생(水生)무척추동물의고운가루ㆍ거친가루ㆍ펠릿(pellet)(식용에적합하지않은것으로한정한다)과수지박
2309,사료용조제품
2402,시가(cigar)ㆍ셔루트(cheroot)ㆍ시가릴로(cigarillo)ㆍ궐련(담배나담배대용물인것으로한정한다)
2424,기타
2501,"소금 (식탁염과 변성염 포함),순염화나트륨 ,해수"
2503,"황 (승화  황 ,침강  황 ,콜로이드  황  제외 )"
2504,천연흑연
2505,천연모래(착색된것인지에상관없으며제26류의금속을함유하는모래는제외한다)
2506,석영(천연모래는제외한다)과규암[톱질이나그밖의방법으로거칠게다듬거나단순히절단하여직사각형(정사각형을포함한다)의블록모양이나슬래브모양으로한것인지에상관없다]
2507,"고령토 ,기타  고령토질의  점토"
2508,"그밖의점토(제6806호의팽창된점토는제외한다)ㆍ홍주석(紅柱石)ㆍ남정석(藍晶石)ㆍ규선석(硅線石)[하소(燒)한것인지에상관없다],멀라이트(mullite),샤모트(chamotte)나다이나스어스(dinasearth)"
2510,천연인산칼슘ㆍ천연인산알루미늄칼슘ㆍ인산염을함유한초크
2511,"천연황산바륨[중정석(重晶石)],천연탄산바륨[독중석(毒重石)][하소(燒)한것인지에상관없으며제2816호의산화바륨은제외한다]"
2512,"규조토 (키이젤거어 .트리폴라이트  등 ),기타  유사한  규산질  흙  겉보기 비중 1 이하인것"
2513,"부석(浮石),금강사(金剛砂),천연커런덤(corundum)ㆍ천연석류석과그밖의천연연마재료(열처리한것인지에상관없다)"
2515,대리석ㆍ트래버틴(travertine)ㆍ에코신(ecaussine)과그밖의석비(石碑)용ㆍ건축용석회질의암석(겉보기비중이2.5이상인것으로한정한다)과설화석고(alabaster)[톱질이나그밖의방법으로거칠게다듬거나단순히절단하여직사각형(정사각형을포함한다)의블록모양이나슬래브모양으로한것인지에상관없다]
2516,화강암ㆍ반암(斑巖)ㆍ현무암ㆍ사암과그밖의석비(石碑)용ㆍ건축용암석[톱질이나그밖의방법으로거칠게다듬거나단순히절단하여직사각형(정사각형을포함한다)의블록모양이나슬래브모양으로한것인지에상관없다]
2517,"자갈ㆍ왕자갈ㆍ쇄석(碎石)[콘크리트용ㆍ도로포장용ㆍ철도용이나그밖의밸러스트(ballast)용에일반적으로사용되는것으로한정한다],싱글(shingle)과플린트(flint)(열처리한것인지에상관없다),슬래그(slag)ㆍ드로스(dross)나이와유사한산업폐기물의머캐덤(macadam)(이호의앞부분에열거한물품들과혼합한것인지에상관없다),타르머캐덤(tarmacadam),제2515호나제2516호의암석의알갱이ㆍ파편ㆍ가루(열처리한것인지에상관없다)"
2518,백운석(白雲石)[하소(燒)한것인지또는소결(燒結)한것인지에상관없으며톱질이나그밖의방법으로거칠게다듬거나단순히절단하여직사각형(정사각형을포함한다)의블록모양이나슬래브모양으로한것을포함한다]과응결(凝結)백운석(白雲石)
2519,"천연탄산마그네슘(마그네사이트),용융(溶融)마그네시아,소결(燒結)한마그네시아[소결(燒結)하기전에첨가된기타산화물을소량함유한것인지에상관없다],그밖의산화마그네슘(순수한것인지에상관없다)"
2520,"석고,무수(無水)석고,플라스터(plaster)[하소(燒)한석고나황산칼슘을원료로한것으로서착색한것인지또는촉진제나지연제를소량첨가한것인지에상관없다]"
2521,"석회석  융제 ,석회석 ,기타  석회질암석 (석회 .시멘트제조용 )"
2522,"생석회(生石灰),소석회(消石灰),수경성(水硬性)석회(제2825호의산화칼슘과수산화칼슘은제외한다)"
2523,포틀랜드(Portland)시멘트ㆍ알루미나(aluminous)시멘트ㆍ슬래그(slag)시멘트ㆍ슈퍼설페이트(supersulphate)시멘트와이와유사한수경성(水硬性)시멘트[착색한것인지또는클링커(clinker)형태로된것인지에상관없다]
2525,운모(쪼갠것을포함한다)와운모웨이스트(waste)
2526,천연동석(凍石)[톱질이나그밖의방법으로거칠게다듬거나단순히절단하여직사각형(정사각형을포함한다)의블록모양이나슬래브모양으로한것인지에상관없다]과활석
2529,"장석(長石),백류석(白榴石),하석(霞石)과하석섬장암(霞石閃長巖),형석(螢石)"
2530,따로분류되지않은광물
2601,철광과그정광(精鑛)[배소(焙燒)한황화철광을포함한다]
2603,동광과  그  정광
2606,알루미늄광과  그  정광
2608,아연광과  그  정광
2609,주석광과  그  정광
2613,몰리브덴광과그정광(精鑛)
2614,티타늄광과  그  정광
2620,"슬래그(slag),회(灰),잔재물(금속ㆍ비소나이들의화합물을함유한것으로한정하며,철강을제조할때생기는것은제외한다)"
2621,"그밖의슬래그(slag)와회(灰)[해초의회(켈프)를포함한다],생활폐기물의소각으로생기는회(灰)와잔재물"
2704,"코크스 ,반성코크 ,레토르트  카아본"
2706,"석탄 .갈탄 .토탄의  타르 ,기타  광물성타르"
2707,고온콜타르(coaltar)의증류물과그밖에이와유사한물품[방향족(芳香族)성분의중량이비방향족(非芳香族)성분의중량을초과하는것으로한정한다]
2708,피치(pitch)와피치코크스[콜타르(coaltar)나그밖의광물성타르에서얻은것으로한정한다]
2710,"석유와역청유(瀝靑油)(원유는제외한다),따로분류되지않은조제품[석유나역청유(瀝靑油)의함유량이전중량의100분의70이상인것으로서조제품의기초성분이석유나역청유(瀝靑油)인것으로한정한다],웨이스트오일(wasteoil)"
2711,석유가스와그밖의가스상태의탄화수소
2712,"석유젤리ㆍ파라핀왁스ㆍ마이크로크리스털린(microcrystalline)석유왁스ㆍ슬랙왁스(slackwax)ㆍ오조케라이트(ozokerite)ㆍ갈탄왁스ㆍ토탄왁스,그밖의광물성왁스와합성이나그밖의공정에따라얻은이와유사한물품(착색한것인지에상관없다)"
2713,석유코크스ㆍ석유역청(瀝靑)과그밖의석유나역청유(瀝靑油)의잔재물
2715,"역청질혼합물 (천연 .석유아스팔트 ,광물성  타르 .타르피치를  기재로한것 )"
2801,플루오르ㆍ염소ㆍ브롬ㆍ요드
2802,"승화  황 ,침강  황 ,콜로이드  황"
2803,"탄소 (카아본블랙 ,기타  탄소물품포함 )"
2804,수소ㆍ희가스(raregas)와그밖의비(非)금속원소
2805,"알칼리금속ㆍ알칼리토류금속,희토류(稀土類)금속,스칸듐과이트륨(상호혼합된것인지또는상호합금된것인지에상관없다),수은"
2806,염화수소(염산)와클로로황산
2807,황산과  발연황산
2808,"질산 ,황질산"
2809,"오산화인,인산,폴리인산(화학적으로단일한것인지에상관없다)"
2810,"붕소의  산화물 ,붕산"
2811,그밖의무기산과무기비(非)금속산화물
2812,비(非)금속할로겐화물과산화할로겐화물
2814,무수(無水)암모니아나암모니아수
2815,"수산화나트륨[가성(苛性)소다],수산화칼륨[가성(苛性)칼륨],과산화나트륨ㆍ과산화칼륨"
2816,"수산화마그네슘ㆍ과산화마그네슘,스트론튬이나바륨의산화물ㆍ수산화물ㆍ과산화물"
2817,"산화아연 ,과산화아연"
2818,"인조커런덤(corundum)(화학적으로단일한것인지에상관없다),산화알루미늄,수산화알루미늄"
2819,산화크로뮴과수산화크로뮴
2820,산화망간
2821,산화철ㆍ수산화철ㆍ어스컬러(earthcolour)[화합철분의함유량이산화제이철(Fe₂O₃)로서계산하여전중량의100분의70이상인것으로한정한다]
2822,"산화코발트 ,수산화코발트 ,상관례상의  산화코발트"
2823,산화티타늄
2824,산화납ㆍ연단(鉛丹)ㆍ오렌지납
2825,"히드라진ㆍ히드록실아민과이들의무기염,그밖의무기염기ㆍ금속산화물ㆍ금속수산화물ㆍ금속과산화물"
2826,"플루오르화물,플루오르화규산염ㆍ플루오르화알루미늄산염과그밖의플루오르착염"
2827,"염화물ㆍ산화염화물ㆍ수산화염화물,브롬화물ㆍ산화브롬화물과요드화물ㆍ산화요드화물"
2830,황화물과폴리황화물(화학적으로단일한것인지에상관없다)
2831,아이티온산염과술폭실산염
2832,아황산염과티오황산염
2833,황산염ㆍ명반ㆍ과산화황산염(과황산염)
2834,아질산염과질산염
2835,"포스피네이트(하이포아인산염)ㆍ포스포네이트(아인산염)ㆍ인산염,폴리인산염(화학적으로단일한것인지에상관없다)"
2836,"탄산염,과산화탄산염(과탄산염),상관습(商慣習)상의탄산암모늄(카르밤산암모늄을함유한것으로한정한다)"
2837,시안화물ㆍ산화시안화물ㆍ시안착염
2839,규산염과상관습(商慣習)상의알칼리금속의규산염
2840,붕산염과과산화붕산염(과붕산염)
2841,산화금속산염이나과산화금속산염
2842,"그밖의무기산염이나과산화산염(아지드화물은제외하고,화학적으로단일한것인지에상관없으며알루미노실리케이트를포함한다)"
2843,"콜로이드귀금속,귀금속의무기화합물이나유기화합물(화학적으로단일한화합물인지에상관없다),귀금속의아말감(amalgam)"
2844,"방사성원소ㆍ방사성동위원소(핵분열성이나연료핵친원소와동위원소를포함한다)와이들의화합물,이들의물품을함유한혼합물과잔재물"
2845,동위원소(제2844호의것은제외한다)와그동위원소의무기화합물이나유기화합물(화학적으로단일한것인지에상관없다)
2846,희토류(稀土類)금속ㆍ이트륨ㆍ스칸듐이나이들금속혼합물의무기ㆍ유기화합물
2847,과산화수소
2849,탄화물(화학적으로단일한것인지에상관없다)
2850,"수소화물 ,질화물 ,아지화물 ,규화물 ,붕화물"
2853,"기타 무기화합물(증류수 또는 전도도수와 이와 유사한 순도의 물을 포함한다), 액체공기(희가스가 제거된 것인지의 여부를 불문한다), 압축공기 및 아말감(귀금속의 아말감을 제외한다)"
2901,비환식탄화수소
2902,환식탄화수소
2903,탄화수소의할로겐화유도체
2904,탄화수소의술폰화유도체ㆍ니트로화유도체나니트로소화유도체(할로겐화된것인지에상관없다)
2905,비환식알코올과이들의할로겐화유도체ㆍ술폰화유도체ㆍ니트로화유도체ㆍ니트로소화유도체
2906,환식알코올과이들의할로겐화유도체ㆍ술폰화유도체ㆍ니트로화유도체ㆍ니트로소화유도체
2907,페놀과페놀알코올
2908,페놀이나페놀알코올의할로겐화유도체ㆍ술폰화유도체ㆍ니트로화유도체ㆍ니트로소화유도체
2909,에테르ㆍ에테르알코올ㆍ에테르페놀ㆍ에테르알코올페놀ㆍ과산화알코올ㆍ과산화에테르ㆍ과산화케톤(화학적으로단일한것인지에상관없다)과이들의할로겐화유도체ㆍ술폰화유도체ㆍ니트로화유도체ㆍ니트로소화유도체
2910,3원고리의에폭시드ㆍ에폭시알코올ㆍ에폭시페놀ㆍ에폭시에테르와이들의할로겐화유도체ㆍ술폰화유도체ㆍ니트로화유도체ㆍ니트로소화유도체
2911,아세탈 .헤미아세탈 .그들의  할로겐화 .술폰화 .니트로화 .니트로소화유도체
2912,"알데히드(그밖의산소관능결합을한것인지에상관없다),알데히드의환식중합체,파라포름알데히드"
2914,케톤ㆍ퀴논(그밖의산소관능결합을한것인지에상관없다)과이들의할로겐화유도체ㆍ술폰화유도체ㆍ니트로화유도체ㆍ니트로소화유도체
2915,"포화비환식모노카르복시산과이들의무수물(無水物)ㆍ할로겐화물ㆍ과산화물ㆍ과산화산,이들의할로겐화유도체ㆍ술폰화유도체ㆍ니트로화유도체ㆍ니트로소화유도체"
2916,"불포화비환식모노카르복시산ㆍ환식모노카르복시산과이들의무수물(無水物)ㆍ할로겐화물ㆍ과산화물ㆍ과산화산,이들의할로겐화유도체ㆍ술폰화유도체ㆍ니트로화유도체ㆍ니트로소화유도체"
2917,"폴리카르복시산과이들의무수물(無水物)ㆍ할로겐화물ㆍ과산화물ㆍ과산화산,이들의할로겐화유도체ㆍ술폰화유도체ㆍ니트로화유도체ㆍ니트로소화유도체"
2918,"추가산소관능을갖는카르복시산과이들의무수물(無水物)ㆍ할로겐화물ㆍ과산화물ㆍ과산화산,이들의할로겐유도체ㆍ술폰화유도체ㆍ니트로화유도체ㆍ니트로소화유도체"
2919,"인산에스테르와이들의염(락토포스페이트를포함한다),이들의할로겐화유도체ㆍ술폰화유도체ㆍ니트로화유도체ㆍ니트로소화유도체"
2920,"그밖의비(非)금속무기산의에스테르(할로겐화수소의에스테르는제외한다)와이들의염,이들의할로겐화유도체ㆍ술폰화유도체ㆍ니트로화유도체ㆍ니트로소화유도체"
2921,아민관능화합물
2922,산소관능아미노화합물
2923,"제4암모늄염과수산화제4암모늄,레시틴과그밖의포스포아미노리피드(화학적으로단일한것인지에상관없다)"
2924,"카르복시아미드관능화합물,탄산의아미드관능화합물"
2925,카르복시이미드관능화합물(사카린과그염을포함한다)과이민관능화합물
2926,니트릴관능화합물
2927,"디아조화합물 ,아조화합물 ,아족시화합물"
2928,히드라진 .히드록실아민의  유기유도체
2929,그밖의질소관능화합물
2930,유기-황화합물
2931,그밖의유기-무기화합물
2932,산소헤테로고리화합물
2933,질소헤테로고리화합물
2934,"핵산과이들의염(화학적으로단일한것인지에상관없다),그밖의헤테로고리화합물"
2935,술폰아미드
2936,"프로비타민과비타민(천연의것과이와동일한구조를가지는합성의것으로한정하며,천연의프로비타민농축물과비타민농축물을포함한다),이들의유도체로서주로비타민으로사용하는것과이들의상호혼합물(용매에용해하였는지에상관없다)"
2937,"호르몬ㆍ프로스타글란딘ㆍ트롬복산ㆍ류코트리엔(천연의것과이와동일한구조를가지는합성의것으로한정한다),이들의유도체와이와유사한구조를가지는것으로서주로호르몬으로사용되는것(변성된폴리펩타이드체인을가진것을포함한다)"
2938,"글리코시드(천연의것과이와동일한구조를가지는합성의것으로한정한다),이들의염ㆍ에테르ㆍ에스테르ㆍ그밖의유도체"
2940,"당류 ,당에테르 .당에스테르  및  그들의  염"
2941,항생물질
2942,기타  유기화합물
3001,"장기(臟器)요법용선(腺)과그밖의기관(건조한것으로한정하며,가루로된것인지에상관없다),선(腺)과그밖의기관이나이들의분비물의추출물로서장기(臟器)요법용의것,헤파린과그염,치료용ㆍ예방용으로조제한그밖의인체물질이나동물의물질로서따로분류되지않은것"
3002,"사람의피,치료용ㆍ예방용ㆍ진단용으로조제한동물의피,면역혈청ㆍ그밖의혈액분획물과면역물품(생물공학적방법에따라변성되거나얻어진것인지에상관없다),백신ㆍ독소ㆍ미생물배양체(효모는제외한다)와이와유사한물품"
3003,"의약품(두가지이상의성분을혼합한치료용이나예방용의것으로서제3002호ㆍ제3005호ㆍ제3006호의물품,일정한투여량으로한것,소매용모양이나포장으로한것은제외한다)"
3004,"의약품[혼합한것인지에상관없으며치료용이나예방용의것으로서일정한투여량으로한것(피부투여의형식을취한것을포함한다)과소매용모양이나포장으로한것으로한정하며,제3002호ㆍ제3005호ㆍ제3006호의물품은제외한다]"
3005,탈지면ㆍ거즈ㆍ붕대와이와유사한제품(예:피복재ㆍ반창고ㆍ습포제)으로서의료용이나수의용으로사용하기위하여의료물질을도포하거나침투시킨것이나소매용모양이나포장으로한것
3006,의료용품(이류의주제4호의물품으로한정한다)
3101,"동물성비료 ,식물성비료 ,동 .식물성물품을  혼합하거나  화학처리한  비료"
3102,질소비료(광물성비료나화학비료로한정한다)
3104,칼륨비료(광물성비료나화학비료로한정한다)
3105,"광물성비료나화학비료(비료의필수요소인질소ㆍ인ㆍ칼륨중두가지나세가지를함유하는것으로한정한다),그밖의비료,이류에열거한물품을둥글넓적한(tablet)모양이나이와유사한모양으로한것이거나용기를포함한한개의총중량이10킬로그램이하로포장한것"
3201,"식물성유연용추출물(extract),탄닌과그염ㆍ에테르ㆍ에스테르ㆍ그밖의유도체"
3202,"합성유기유연제ㆍ무기유연제ㆍ조제유연제(천연유연제를함유하였는지에상관없다),유연전(柔軟前)처리용효소계조제품"
3203,"식물성  또는  동물성  착색제 ,이들의  조제품"
3204,"합성 유기착색제(화학적으로 단일한것인지에 상관없다), 이것을 기본 재료로 한 조제품(이 류의 주 제3호의것으로 한정한다.), 형광증백제(螢光增白劑)나 루미노퍼(luminophore)로 사용되는 종류의 합성유기생산품(화학적으로 단일한 것인지에 상관없다.)"
3205,레이크안료  및  이들을  기제로한  조제품
3206,"그밖의착색제와조제품(제3203호ㆍ제3204호ㆍ제3205호에해당하는물품은제외하며,이류의주제3호의것으로한정한다),루미노퍼(luminophore)로사용되는무기물(화학적으로단일한것인지에상관없다)"
3207,"조제안료ㆍ조제유백제(乳白劑)ㆍ조제그림물감ㆍ법랑ㆍ유약ㆍ유약용슬립ㆍ액체상태러스터(lustre)와이와유사한조제품(요업ㆍ에나멜공업ㆍ유리공업에주로사용되는것으로한정한다),유리프리트(frit)와그밖의유리[가루ㆍ알갱이ㆍ플레이크(flake)모양인것으로한정한다]"
3208,"페인트와바니시(varnish)[에나멜ㆍ래커(lacquer)를포함하며,합성중합체나화학적으로변성한천연중합체를기본재료로하여비수성(非水性)매질(媒質)에분산하거나용해한것으로한정한다],이류의주제4호의용액"
3209,"페인트와바니시(varnish)[에나멜과래커(lacquer)를포함하며,합성중합체나화학적으로변성한천연중합체를기본재료로하여수성(水性)매질(媒質)에분산하거나용해한것으로한정한다]"
3210,"기타  페인트와  바니쉬 ,피혁가공용의  조제수성안료"
3211,조제드라이어
3212,"비수성(非水性)매질(媒質)에분산시킨안료[금속가루ㆍ금속플레이크(flake)를포함하며,페인트ㆍ에나멜제조에사용되는액체나페이스트(paste)상태인것으로한정한다],스탬프용박(箔),소매용모양이나포장을한염료와그밖의착색제"
3213,화가용ㆍ학생용ㆍ간판도장공용ㆍ색조수정용ㆍ오락용물감과이와유사한물감[둥글넓적한(tablet)모양인것ㆍ튜브들이ㆍ병들이ㆍ접시들이나이와유사한모양이나포장의것으로한정한다]
3214,"유리접합용퍼티(putty)ㆍ접목용퍼티(putty)ㆍ수지시멘트ㆍ코킹(caulking)화합물과그밖의매스틱(mastic),도장용충전제,건물의외면ㆍ실내벽ㆍ마루ㆍ천장과이와유사한장소에사용되는비내화성표면처리제"
3215,인쇄용잉크ㆍ필기용잉크ㆍ제도용잉크와그밖의잉크(농축하거나고체화한것인지에상관없다)
3301,"정유(essentialoil)[콘크리트(concrete)와앱설루트(absolute)를포함하며,테르펜을제거한것인지에상관없다],레지노이드(resinoid),추출한올레오레진(oleoresin),정유(essentialoil)의농축물[냉침법(冷浸法)이나온침법(溫浸法)에따라얻은것으로서유지ㆍ불휘발성유ㆍ왁스나이와유사한물질을매질(媒質)로한것으로한정한다],정유(essentialoil)에서테르펜을제거할때생기는테르펜계부산물,정유(essentialoil)의애큐어스디스틸레이트(aqueousdistillate)와애큐어스솔루션(aqueoussolution)"
3302,"방향성(芳香性)물질의혼합물과방향성(芳香性)물질의하나이상을기본재료로한혼합물(알코올의용액을포함하며,공업용원료로사용하는것으로한정한다),방향성(芳香性)물질을기본재료로한그밖의조제품(음료제조용으로한정한다)"
3303,향수  및  화장수
3304,"미용이나메이크업용제품류와기초화장용제품류[의약품은제외하며,선스크린(sunscreen)과선탠(suntan)제품류를포함한다],매니큐어용제품류와페디큐어(pedicure)용제품류"
3305,두발용제품류
3306,"구강ㆍ치과위생용제품류[치열교정용페이스트(paste)와가루를포함한다],치간청결용실로서개별소매용으로포장한것[치실(dentalfloss)]"
3307,면도용제품류ㆍ인체용탈취제ㆍ목욕용조제품ㆍ탈모제와그밖의조제향료ㆍ따로분류되지않은화장품이나화장용품ㆍ실내용조제탈취제(향을첨가한것인지또는살균성이있는것인지에상관없다)
3401,"비누,비누로사용되는유기계면활성제품과조제품[막대(bar)모양ㆍ케이크모양ㆍ주형모양으로된것으로한정하며,비누를함유한것인지에상관없다],피부세척용유기계면활성제품과조제품(액체나크림형태의소매용으로한정하며,비누를함유한것인지에상관없다),비누나세제를침투시키거나도포한종이ㆍ워딩(wadding)ㆍ펠트(felt)ㆍ부직포"
3402,"유기계면활성제(비누는제외한다),조제계면활성제ㆍ조제세제(보조조제세제를포함한다)ㆍ조제청정제(비누를함유한것인지에상관없으며제3401호의물품은제외한다)"
3403,"조제윤활유[윤활제를기본재료로한조제절삭제ㆍ볼트나너트방출제ㆍ방청제ㆍ부식방지제ㆍ이형(mouldrelease)조제품을포함한다],방직용재료ㆍ가죽ㆍ모피나그밖의재료의오일링처리나가지처리에사용하는조제품[석유나역청유(瀝靑油)의함유량이전중량의100분의70이상인것을기본재료로한조제품은제외한다]"
3404,인조왁스와조제왁스
3405,"신발용ㆍ가구용ㆍ마루용ㆍ차체(coachwork)용ㆍ유리용ㆍ금속용광택제와크림,연마페이스트(paste)ㆍ연마가루와이와유사한조제품[이러한조제품을침투시키거나도포하거나피복한종이ㆍ워딩(wadding)ㆍ펠트(felt)ㆍ부직포ㆍ셀룰러플라스틱ㆍ셀룰러고무형태의것인지에상관없다](제3404호의왁스는제외한다)"
3406,양초  및  이와  유사한  물품
3407,"조형용  페이스트 ,치과용의  왁스 .인상재료  및  기타플라스터  조제품"
3501,"카세인(casein)ㆍ카세인산염(caseinate)과그밖의카세인(casein)유도체,카세인글루(caseinglue)"
3502,알부민(건조물상태에서계산한유장단백질의함유량이전중량의100분의80을초과하는둘이상의유장단백질의농축물을포함한다)ㆍ알부민산염과그밖의알부민유도체
3503,"젤라틴과  젤라틴유도체 ,아이징글라스 ,기타  동물성글루우"
3504,"펩톤과  기타  단백질계물질  및  그들의  유도체 ,하이드파우더"
3505,"덱스트린과그밖의변성전분[예:프리젤라티나이지드(pregelatinised)전분이나에스테르화전분],전분ㆍ덱스트린이나그밖의변성전분을기본재료로한글루(glue)"
3506,"조제글루(glue)와그밖의조제접착제(따로분류되지않은것으로한정한다),글루(glue)나접착제로사용하기에적합한물품[소매용으로한글루(glue)나접착제로서순중량이1킬로그램이하인것으로한정한다]"
3507,효소와따로분류되지않은조제효소
3606,"페로세륨ㆍ그밖의발화성합금(어떤모양이라도가능하다),이류의주제2호의가연성재료의제품"
3701,"평면모양사진플레이트ㆍ평면모양사진필름(감광성이있고노광하지않은것으로한정하며,종이ㆍ판지ㆍ직물로만든것은제외한다),평면모양인스턴트프린트필름(감광성이있고노광하지않은것으로한정하며,팩으로된것인지에상관없다)"
3702,"롤모양사진필름(감광성이있고노광하지않은것으로한정하며,종이ㆍ판지ㆍ직물로만든것은제외한다)과롤모양인스턴트프린트필름(감광성이있고노광하지않은것으로한정한다)"
3703,사진인화지ㆍ판지ㆍ직물(감광성이있고노광하지않은것으로한정한다)
3704,"사진플레이트 ,필름 ,인화지 ,판지 ,직물 (노광한것 )"
3705,"사진플레이트와필름(노광하여현상한것으로한정하며,영화용필름은제외한다)"
3707,"사진용화학조제품[바니시(varnish)ㆍ글루(glue)ㆍ접착제와이와유사한조제품은제외한다],사진용단일물품(일정소량으로나누거나그대로사용할수있는모양인소매용으로한정한다)"
3801,"인조흑연,콜로이드흑연ㆍ반콜로이드흑연,흑연이나그밖의탄소를기본재료로한조제품[페이스트(paste)ㆍ블록ㆍ판모양이나그밖의반제품으로한정한다]"
3802,"활성탄,활성화한천연의광물성생산품,수탄(獸炭)[폐수탄(廢獸炭)을포함한다]"
3804,목재펄프제조시  생기는  폐액
3806,"로진(rosin)ㆍ수지산과이들의유도체,로진스피릿(rosinspirit)과로진유(rosinoil),런검(rungum)"
3807,"목타르 ,목타르유 ,목크레오소오트 ,목나프타 ,식물성피치 ,브루어피치"
3808,살충제ㆍ살서제(쥐약)ㆍ살균제ㆍ제초제ㆍ발아억제제ㆍ식물성장조절제ㆍ소독제와이와유사한물품[소매용모양이나포장을한것ㆍ조제품으로한것ㆍ제품으로한것(예:황으로처리한밴드ㆍ심지ㆍ양초ㆍ파리잡이끈끈이)으로한정한다]
3809,"완성가공제,염색촉진용ㆍ염료고착용염색캐리어,드레싱ㆍ매염제와같은그밖의물품과조제품(섬유산업ㆍ제지산업ㆍ가죽산업그밖에이와유사한산업에사용하는것으로서따로분류되지않은것으로한정한다)"
3810,"금속표면처리용침지조제품,납붙임용ㆍ땜질용ㆍ용접용융제와그밖의보조조제품,납붙임용ㆍ땜질용ㆍ용접용가루와페이스트(paste)로서금속과그밖의재료로조성한것,용접용전극ㆍ용접봉의코어나피복에사용하는조제품"
3811,안티녹(anti-knock)제ㆍ산화억제제ㆍ검화억제제(guminhibitor)ㆍ점도향상제ㆍ부식방지제와그밖의조제첨가제[광물유(가솔린을포함한다)용이나광물유와동일한목적에사용하는그밖의액체용으로한정한다]
3812,"조제한고무가황촉진제,고무용ㆍ플라스틱용복합가소제(따로분류되지않은것으로한정한다),고무용ㆍ플라스틱용산화방지조제품과그밖의복합안정제"
3813,소화기용의  조제품과  장전물  및  장전된  소화탄
3814,"유기혼합용제와  신나 ,조제한  페인트제거제  또는  바니쉬제거제"
3815,반응시작제ㆍ반응촉진제ㆍ촉매조제품(따로분류되지않은것으로한정한다)
3816,"내화시멘트 ,내화모르타르 ,내화콘크리트  및  이와유사한  혼합물"
3817,혼합알킬벤젠과  혼합알킬나프탈렌
3818,전자공업에  사용하기위하여  도우프처리된  화학원소와화학화합물
3819,"유압제동액 ,기타  조제유압전동액"
3820,부동조제품  및  조제제빙액
3821,미생물용의  조제배양제
3822,진단용  조제시약  및  실험실용  조제시약
3823,"공업용모노카르복시지방산,유지를정제할때생긴애시드유(acidoil),공업용지방성알코올"
3824,"조제점결제(주물의주형용이나코어용으로한정한다),따로분류되지않은화학품과화학공업이나연관공업에따른조제품(천연물만의혼합물을포함한다)"
3825,"따로분류되지않은화학공업이나연관공업에따른잔재물,생활폐기물,하수찌꺼기,이류의주제6호의그밖의폐기물"
3901,에틸렌의중합체[일차제품(primaryform)으로한정한다]
3902,프로필렌의중합체나그밖의올레핀의중합체[일차제품(primaryform)으로한정한다]
3903,스티렌의중합체[일차제품(primaryform)으로한정한다]
3904,염화비닐의중합체나그밖의할로겐화올레핀의중합체[일차제품(primaryform)으로한정한다]
3905,"초산비닐의중합체나그밖의비닐에스테르의중합체,그밖의비닐중합체[일차제품(primaryform)으로한정한다]"
3906,아크릴의중합체[일차제품(primaryform)으로한정한다]
3907,"폴리아세탈수지ㆍ그밖의폴리에테르와에폭시수지,폴리카보네이트ㆍ알키드수지ㆍ폴리아릴에스테르와그밖의폴리에스테르[일차제품(primaryform)으로한정한다]"
3908,폴리아미드[일차제품(primaryform)으로한정한다]
3909,아미노수지ㆍ페놀수지ㆍ폴리우레탄[일차제품(primaryform)으로한정한다]
3910,실리콘수지 (일차제품의  것 )
3911,석유수지ㆍ쿠마론-인덴수지ㆍ폴리테르펜ㆍ폴리술파이드ㆍ폴리술폰과이류의주제3호의기타물품[일차제품(primaryform)으로서따로분류되지않은것으로한정한다]
3912,셀룰로오스와그화학적유도체[일차제품(primaryform)으로서따로분류되지않은것으로한정한다]
3913,"천연중합체(예:알긴산)와변성한천연중합체(예:경화단백질,천연고무의화학적유도체)[일차제품(primaryform)으로서따로분류되지않은것으로한정한다]"
3914,이온교환수지 (에틸렌중합체  또는  천연중합체를  기재로한것 )
3915,플라스틱의웨이스트(waste)ㆍ페어링(paring)ㆍ스크랩(scrap)
3916,"플라스틱의모노필라멘트(횡단면의치수가1밀리미터를초과하는것으로한정한다)ㆍ막대(rod,stick)ㆍ형재(形材)(표면가공을한것인지에상관없으며그밖의가공한것은제외한다)"
3917,플라스틱의관ㆍ파이프ㆍ호스와이들의연결구류[예:조인트(joint)ㆍ엘보(elbow)ㆍ플랜지(flange)]
3918,"플라스틱으로만든바닥깔개(접착성이있는지에상관없으며롤이나타일모양으로한정한다),이류의주제9호의플라스틱으로만든벽피복재나천장피복재"
3919,플라스틱으로만든접착성판ㆍ시트(sheet)ㆍ필름ㆍ박(箔)ㆍ테이프ㆍ스트립과그밖의평면모양인것(롤모양인지에상관없다)
3920,플라스틱으로만든그밖의판ㆍ시트(sheet)ㆍ필름ㆍ박(箔)ㆍ스트립(셀룰러가아닌것으로서그밖의재료로보강ㆍ적층ㆍ지지하거나이와유사하게결합하지않은것으로한정한다)
3921,플라스틱으로만든그밖의판ㆍ시트(sheet)ㆍ필름ㆍ박(箔)ㆍ스트립
3922,플라스틱으로만든목욕통ㆍ샤워통ㆍ설거지통ㆍ세면기ㆍ비데ㆍ화장실용팬ㆍ변기용시트(seat)와커버ㆍ수세용물탱크와이와유사한위생용품
3923,"플라스틱으로만든물품운반ㆍ포장용기,플라스틱으로만든뚜껑ㆍ마개ㆍ캡과이와유사한물품"
3924,플라스틱으로만든식탁용품ㆍ주방용품ㆍ그밖의가정용품ㆍ위생용품ㆍ화장용품
3925,플라스틱으로만든건축용품(따로분류되지않은것으로한정한다)
3926,플라스틱으로만든그밖의제품과제3901호부터제3914호까지의기타물품의제품
4001,천연고무ㆍ발라타(balata)ㆍ구타페르카(gutta-percha)ㆍ구아율(guayule)ㆍ치클(chicle)과이와유사한천연검(gum)[일차제품(primaryform)ㆍ판ㆍ시트(sheet)ㆍ스트립모양으로한정한다]
4002,"합성고무와기름에서제조한팩티스(factice)[일차제품(primaryform)ㆍ판ㆍ시트(sheet)ㆍ스트립모양으로한정한다],제4001호의물품과제4002호의물품과의혼합물[일차제품(primaryform)ㆍ판ㆍ시트(sheet)ㆍ스트립모양으로한정한다]"
4003,재생고무 (일차제품 .판 .쉬이트 .스트립상의것에  한함 )
4004,고무의  웨이스트 .페어링 .스크랩  및  이들의  파우더와입
4005,가황하지않은배합고무[일차제품(primaryform)ㆍ판ㆍ시트(sheet)ㆍ스트립모양으로한정한다]
4006,가황하지않은고무의그밖의모양[예:막대(rod)ㆍ관ㆍ형재(形材)]과제품(예:디스크ㆍ링)
4007,고무사와  고무끈 (가황한것 )
4008,"고무로만든판ㆍ시트(sheet)ㆍ스트립ㆍ막대(rod)ㆍ형재(形材)[가황한것으로한정하며,경질(硬質)고무인것은제외한다]"
4009,"고무로만든관ㆍ파이프ㆍ호스[가황한것으로한정하고,경질(硬質)고무인것은제외하며,조인트(joint)ㆍ엘보(elbow)ㆍ플랜지(flange)등연결구류가부착된것인지에상관없다]"
4010,고무로만든컨베이어용ㆍ전동(transmission)용벨트와벨팅(belting)(가황한것으로한정한다)
4011,고무로만든공기타이어(신품으로한정한다)
4012,"고무로만든공기타이어(재생품과중고품으로한정한다),고무로만든솔리드(solid)나쿠션타이어,타이어트레드(tread),타이어플랩(flap)"
4013,고무로만든이너튜브
4014,"고무로만든위생용품과의료용품[젖꼭지를포함하며,경질(硬質)고무외의가황한것으로한정한다.다만,경질(硬質)고무로만든연결구류를부착한것인지에상관없다]"
4015,"고무로만든의류와의류부속품[장갑,벙어리장갑을포함하고,경질(硬質)고무외의가황한것으로한정하며,어떤용도인지는상관없다]"
4016,가황한고무의그밖의제품[경질(硬質)고무로만든것은제외한다]
4017,경질고무와  그  제품
4101,"소(버팔로를포함한다)와마속(馬屬)동물의원피[생것ㆍ염장한것ㆍ건조한것ㆍ석회처리한것ㆍ산처리한것이나그밖의방법으로보존처리한것으로한정하고,유연처리ㆍ파치먼트(parchment)가공이나그이상의가공을한것은제외하며,털을제거한것인지또는스플릿(split)한것인지에상관없다]"
4102,"면양이나어린양의원피[생것ㆍ염장한것ㆍ건조한것ㆍ석회처리한것ㆍ산처리한것이나그밖의방법으로보존처리한것으로한정하고,유연처리ㆍ파치먼트(parchment)가공이나그이상의가공을한것은제외하며,털을제거한것인지또는스플릿(split)한것인지에상관없다.다만,이류의주제1호다목에따라제외되는것을포함하지않는다]"
4104,"소(버팔로를포함한다)나마속(馬屬)동물의유연처리나크러스트처리한원피[털을제거한것으로한정하고,스플릿(split)한것인지에상관없으며그이상가공한것은제외한다]"
4105,"면양이나어린양의유연처리ㆍ크러스트처리한원피[털을제거한것으로한정하고,스플릿(split)한것인지에상관없으며그이상가공한것은제외한다]"
4106,"그밖의동물의유연처리ㆍ크러스트처리한원피[털을제거한것으로한정하고,스플릿(split)한것인지에상관없으며그이상가공한것은제외한다]"
4107,"유연처리ㆍ크러스트처리한후그이상의가공을한소(버팔로를포함한다)나마속(馬屬)동물의가죽[파치먼트(parchment)가공가죽을포함한다][털을제거한것으로한정하고,스플릿(split)한것인지에상관없으며제4114호의가죽은제외한다]"
4112,"유연처리 또는 크러스트처리한 후 더 이상의 가공을 한 면양이나 어린양의 가죽(파치먼트가공 가죽을 포함한다) (탈모한 것에 한하고 스프릿한 것인지의 여부를 불문하며, 제4114호의 가죽을 제외한다)"
4113,"유연처리ㆍ크러스트처리한후그이상의가공을한그밖의동물의가죽[파치먼트(parchment)가공가죽을포함한다][털을제거한것으로한정하고,스플릿(split)한것인지에상관없으며제4114호의가죽은제외한다]"
4114,"섀미가죽(chamoisleather)[콤비네이션섀미가죽(chamoisleather)을포함한다],페이턴트레더(patentleather)와적층한페이턴트레더(patentleather),메탈라이즈드레더(metallisedleather)"
4115,"콤퍼지션레더(compositionleather)[가죽이나가죽섬유를기본재료로하여제조한것으로서롤모양인지에상관없으며슬래브모양ㆍ시트(sheet)모양ㆍ스트립모양으로한정한다],가죽이나콤퍼지션레더(compositionleather)의페어링(paring)과그밖의웨이스트(waste)(가죽제품의제조에적합하지않은것으로한정한다),가죽의더스트(dust)와가루"
4201,동물용의  마구 (고삐줄 .끈 .무릎받이 .재갈 .안장용방석등 )
4202,"트렁크ㆍ슈트케이스ㆍ화장품케이스ㆍ이그잭큐티브케이스(executivecase)ㆍ서류가방ㆍ학생가방,안경케이스ㆍ쌍안경케이스ㆍ사진기케이스ㆍ악기케이스ㆍ총케이스ㆍ권총케이스와이와유사한용기,가죽ㆍ콤퍼지션레더(compositionleather)ㆍ플라스틱의시트(sheet)ㆍ방직용섬유ㆍ벌커나이즈드파이버(vulcanisedfibre)ㆍ판지또는이러한재료나종이로전부또는주로피복하여만든여행가방ㆍ식품용이나음료용단열가방ㆍ화장갑ㆍ배낭ㆍ핸드백ㆍ쇼핑백ㆍ돈주머니ㆍ지갑ㆍ지도용케이스ㆍ담배케이스ㆍ담배쌈지ㆍ공구가방ㆍ운동용구가방,병케이스ㆍ신변장식용품용상자ㆍ분갑ㆍ칼붙이집과이와유사한용기"
4203,의류와의류부속품[가죽이나콤퍼지션레더(compositionleather)로만든것으로한정한다]
4205,기타의  가죽제품과  콤포지션레더제품
4302,"모피(유연처리,드레스가공한것으로서머리부분,꼬리부분,발부분과그밖의조각이나절단품을포함하고,조합하지않은것이나그밖의재료를가하지않고조합한것으로한정하며,제4303호의물품은제외한다)"
4303,모피의류ㆍ모피의류의부속품과그밖의모피제품
4304,인조모피와  그  제품
4401,"땔나무(통나무,목편,작은가지,다발이나이와유사한모양으로한정한다),칩이나삭편(削片)모양인목재,톱밥ㆍ목재의웨이스트(waste)와스크랩(scrap)[통나무ㆍ브리케트(briquette)ㆍ펠릿(pellet)이나이와유사한모양으로응결된것인지에상관없다]"
4402,"목탄[쉘(shell)이나너트(nut)의탄을포함하며,응결된것인지에상관없다]"
4403,원목[껍질ㆍ변재(邊材)를벗긴것인지또는거칠게각을뜬것인지에상관없다]
4407,"제재목[길이의방향으로쪼갠것,평삭(平削)한것,회전식으로절단한것으로서두께가6밀리미터를초과하는것으로한정하며,대패질ㆍ연마ㆍ엔드-조인트한(end-jointed)것인지에상관없다]"
4408,"베니어용단판[적층목재를평삭(平削)한것을포함한다],합판용단판이나이와유사한적층목재용단판,그밖의목재[길이의방향으로톱질한것,평삭(平削)한것,회전식으로절단한것으로서두께가6밀리미터이하인것으로한정하며,대패질ㆍ연마ㆍ엔드-조인트한(end-jointed)것인지에상관없다]"
4409,목재[미조립한쪽마루판용스트립(strip)과프리즈(frieze)를포함한다]로서어느한쪽의가장자리ㆍ마구리ㆍ면을따라연속적으로성형한것[블록가공ㆍ홈가공ㆍ은촉이음가공ㆍ경사이음가공ㆍ브이형이음가공ㆍ구술형가공ㆍ주형가공ㆍ원형가공이나이와유사한가공을한것으로서대패질ㆍ연마ㆍ엔드-조인트한(end-jointed)것인지에상관없다]
4410,"파티클보드(particleboard),배향성(配向性)이있는스트랜드보드(OSB:orientedstrandboard)와이와유사한보드[예:웨이퍼보드(waferboard)](목재나그밖의목질재료로만든것으로한정하며,수지나그밖의유기결합제로응결시킨것인지에상관없다)"
4411,"섬유판(목재나그밖의목질재료로만든것으로한정하며,수지나그밖의유기물질로접착한것인지에상관없다)"
4412,합판ㆍ베니어패널과이와유사한적층목재
4413,고밀도화목재 (블록상 .플레이트상 .스트립상 .프로파일형상의것 )
4414,목제의  그림틀 .사진틀 .거울틀 .이와  유사한  틀
4415,"나무로만든케이스ㆍ상자ㆍ크레이트(crate)ㆍ드럼과이와유사한포장용기,나무로만든케이블드럼,나무로만든팰릿(pallet),박스팰릿(boxpallet),그밖의깔판류,나무로만든팰릿칼러(palletcollar)"
4417,"목제의  공구 .공구의  몸체와  손잡이 ,신발의  목제골"
4418,나무로만든건축용건구와목공품[셀룰러우드패널(cellularwoodpanel)ㆍ조립된마루판용패널ㆍ지붕을이는판자를포함한다]
4419,목제의  식탁용품과  주방용품
4420,"마르퀘트리(marquetry)목제품과상감세공목제품,신변장식용품,칼붙이,이와유사한제품용인나무로만든상자와용기,나무로만든작은조각상과그밖의장식품,제94류에해당하지않는목제가구"
4421,그밖의목제품
4501,"천연코르크(cork)(가공하지않은것이나단순히가공한것으로한정한다),코르크(cork)의웨이스트(waste),부순코르크(cork),알갱이모양코르크(cork),잘게부순코르크(cork)"
4503,천연코르크(cork)제품
4504,응집코르크(cork)(응집제를사용한것인지에상관없다)와응집코르크(cork)의제품
4602,"바구니세공물(basketware),지조세공물(枝條細工物)과그밖의제품(조물재료로직접조형한것이나제4601호의물품으로만든것으로한정한다),수세미제품"
4703,"화학목재펄프(소다펄프나황산펄프로한정하며,용해용은제외한다)"
4705,반화학목재펄프
4706,회수한종이나판지[웨이스트(waste)와스크랩(scrap)]에서뽑아낸섬유펄프나그밖의섬유질셀룰로오스재료의펄프
4707,회수한종이나판지[웨이스트(waste)와스크랩(scrap)]
4801,신문용지 (로울상  또는  쉬이트상의것 )
4802,"도포하지않은종이와판지(필기용,인쇄용,그밖의그래픽용으로한정한다),구멍을뚫지않은펀치카드와펀치테이프지[제4801호와제4803호의것은제외하며,크기와는관계없이롤모양이나직사각형(정사각형을포함한다)시트(sheet)모양으로한정한다],수제지(手製紙)와판지"
4803,"화장지 .안면용티슈스톡 ,내프킨스톡 ,셀룰로오스워딩 .셀룰로오스섬유웨브"
4804,"도포하지않은크라프트지와판지[롤모양이나시트(sheet)모양으로한정하며,제4802호나제4803호의것은제외한다]"
4805,"그밖의도포하지않은종이와판지[롤모양이나시트(sheet)모양으로한정하며,이류의주제3호의것이상의가공을하지않은것으로한정한다]"
4806,황산지ㆍ내지지(耐脂紙)ㆍ트레이싱지(tracingpaper)ㆍ글라신지(glassinepaper)와그밖의투명광택지나반투명광택지[롤모양이나시트(sheet)모양으로한정한다]
4807,"겹붙인지와  판지 (접착제로 겹붙인 것으로 롤상 또느 쉬트상의 것, 표면 도포, 침투 제외)"
4808,"물결모양으로하거나(corrugated)(평면지가붙은것인지에상관없다)주름지거나(creped)구겨지거나(crinkled)올록볼록하거나(embossed)구멍을뚫은(perforated)종이와판지[롤모양이나시트(sheet)모양으로한정하며,제4803호의것은제외한다]"
4809,"카본지,셀프복사지,그밖의복사지나전사지[등사원지나오프셋플레이트(offsetplate)로사용하는도포지와침투지를포함하고,인쇄한것인지에상관없으며롤모양이나시트(sheet)모양으로한정한다]"
4810,한면이나양면을도포한종이와판지[결합재가있는지에상관없으며고령토(kaolin)[차이나클레이(Chinaclay)]나그밖의무기물질을도포한것(그밖의다른물질을도포한것은제외한다)으로서표면착색ㆍ표면장식ㆍ인쇄하였는지에상관없으며크기와는관계없이롤모양이나직사각형(정사각형을포함한다)의시트(sheet)모양으로한정한다]
4811,"종이,판지,셀룰로오스워딩,셀룰로오스섬유의웹(web)[크기와는관계없이롤모양이나직사각형(정사각형을포함한다)의시트(sheet)모양으로서도포ㆍ침투ㆍ피복ㆍ표면착색ㆍ표면장식ㆍ인쇄한것으로한정하며,제4803호ㆍ제4809호ㆍ제4810호에열거한것은제외한다]"
4812,제지용  펄프제의  필터블록 .필터슬랩 .필터플레이트
4813,궐련지(적합한크기로절단하였는지또는소책자나튜브모양인지에상관없다)
4814,벽지와이와유사한벽피복재와창용투명지
4816,"카본지,셀프복사지,그밖의복사지나전사지(제4809호의것은제외한다),종이로만든등사원지와오프셋플레이트(offsetplate)(상자에든것인지에상관없다)"
4817,"종이나판지로만든봉투ㆍ봉함엽서ㆍ우편엽서ㆍ통신용카드,종이나판지로만든상자ㆍ파우치ㆍ지갑ㆍ필기첩(안에종이로만든문구류가있는것으로한정한다)"
4818,화장지와이와유사한종이ㆍ셀롤로오스워딩ㆍ셀룰로오스섬유의웹(web)(가정용이나위생용으로사용되는것으로서폭이36센티미터이하인롤모양이나특정의크기나모양으로절단한것으로한정한다)ㆍ손수건ㆍ클렌징티슈ㆍ타월ㆍ책상보ㆍ서비에트(serviette)ㆍ베드시트와이와유사한가정용품ㆍ위생용품이나병원용품ㆍ의류와의류부속품[제지용펄프ㆍ종이ㆍ셀룰로오스워딩ㆍ셀룰로오스섬유의웹(web)으로만든것으로한정한다]
4819,"종이ㆍ판지ㆍ셀룰로오스워딩ㆍ셀룰로오스섬유의웹(web)으로만든상자ㆍ포장대ㆍ그밖의포장용기,종이나판지로만든서류상자ㆍ서류받침과이와유사한물품(사무실ㆍ상점이나이와유사한곳에서사용하는것으로한정한다)"
4820,"종이나판지로만든장부ㆍ회계부ㆍ노트북ㆍ주문장ㆍ영수장ㆍ편지지철ㆍ메모철ㆍ일기장과이와유사한물품ㆍ연습장ㆍ압지철(blotting-pad)ㆍ바인더[예:루스리프(loose-leaf)등]ㆍ폴더ㆍ서류철표지ㆍ각종사무용양식ㆍ삽입식카본세트와그밖의문구류,견본용이나수집용앨범과책커버"
4821,종이나판지로만든레이블(인쇄하였는지에상관없다)
4822,제지용펄프ㆍ종이ㆍ판지로만든보빈(bobbin)ㆍ스풀(spool)ㆍ콥(cop)과이와유사한물품(구멍을뚫은것인지또는경화한것인지에상관없다)
4823,"그밖의종이ㆍ판지ㆍ셀룰로오스워딩ㆍ셀룰로오스섬유의웹(web)(특정한크기나모양으로절단한것으로한정한다),제지용펄프ㆍ종이ㆍ판지ㆍ셀룰로오스워딩ㆍ셀룰로오스섬유의웹(web)으로만든그밖의제품"
4901,인쇄서적ㆍ소책자ㆍ리플릿(leaflet)과이와유사한인쇄물(단매인지에상관없다)
4902,신문ㆍ잡지ㆍ정기간행물(그림이나광고선전물이있는지에상관없다)
4903,아동용의  그림책과  습화책
4905,"지도ㆍ해도나이와유사한차트(제본한것ㆍ벽걸이용의것ㆍ지형도와지구의를포함하며,인쇄한것으로한정한다)"
4906,설계도와  도안 (수제의  원도 ).육필책자  및  이들을복사한것
4907,"사용하지 아니한 우표ㆍ수입인지 또는 이와 유사한 물품(해당국에서 통용 또는 신규로 발행되는 것으로서 액면가를 갖거나 가질 예정인 것에 한한다),  스탬프를 압인한 지, 수표ㆍ지폐ㆍ채권ㆍ주식 또는 주권 및 이와 유사한 유가증권"
4908,전사지[디칼커매니어(decalcomania)]
4909,"인쇄된  엽서 .그림엽서 ,인쇄카드 (개인인사용 .전언용 .안내용 )"
4910,"카랜더 (인쇄한것 ,카렌더블록포함 )"
4911,그밖의인쇄물(인쇄된서화와사진을포함한다)
5003,견웨이스트(생사를 뽑는데 적합하지 아니한 누에고치. 시웨이스트 및 가아네스톡 포함
5006,견사 .견방사 (소매용의것 )및  누에의  거트
5007,견직물[견웨이스트(waste)의것을포함한다]
5105,"양모ㆍ동물의부드러운털이나거친털[카드(card)하거나코움(comb)한것으로한정하며,코움(comb)한단편모양인양모를포함한다]"
5106,카드(card)한양모사(소매용은제외한다)
5107,코움(comb)한양모사(소매용은제외한다)
5108,"동물의부드러운털로만든실[카드(card)하거나코움(comb)한것으로한정하며,소매용은제외한다]"
5109,양모사나동물의부드러운털로만든실(소매용으로한정한다)
5110,조수모사  또는  마모사 (짐프한마모사포함 )
5111,직물[카드(card)한양모나동물의부드러운털로만든것으로한정한다]
5112,직물[코움(comb)한양모나동물의부드러운털로만든것으로한정한다]
5202,면웨이스트(waste)[실웨이스트(waste)와가닛스톡(garnettedstock)을포함한다]
5203,면 (카아드  또는  코움한것 )
5204,면재봉사(소매용인지에상관없다)
5205,"면사(면의함유량이전중량의100분의85이상인것으로한정하며,재봉사와소매용은제외한다)"
5206,"면사(면의함유량이전중량의100분의85미만인것으로한정하며,재봉사와소매용은제외한다)"
5207,면사(재봉사는제외하며소매용으로한정한다)
5208,면직물(면의함유량이전중량의100분의85이상인것으로서1제곱미터당중량이200그램이하인것으로한정한다)
5209,면직물(면의함유량이전중량의100분의85이상인것으로서1제곱미터당중량이200그램을초과하는것으로한정한다)
5210,면직물(면의함유량이전중량의100분의85미만이고주로인조섬유와혼방한것으로서1제곱미터당중량이200그램이하인것으로한정한다)
5211,면직물(면의함유량이전중량의100분의85미만이고주로인조섬유와혼방한것으로서1제곱미터당중량이200그램을초과하는것으로한정한다)
5212,그밖의면직물
5301,"아마(생것이거나가공은하였으나방적하지않은것으로한정한다),아마의토우(tow)와웨이스트(waste)[실의웨이스트(waste)와가닛스톡(garnettedstock)을포함한다]"
5302,"대마(생것이거나가공은하였으나방적하지않은것으로한정한다),대마의토우(tow)와웨이스트(waste)[실의웨이스트(waste)와가닛스톡(garnettedstock)을포함한다]"
5306,아마사
5308,그밖의식물성섬유사와종이실(paperyarn)
5309,아마직물
5310,제5303호의황마나그밖의방직용인피(靭皮)섬유의직물
5311,기타  식물성  방직용  섬유의  직물과  지사의  직물
5401,인조필라멘트의재봉사(소매용인지에상관없다)
5402,"합성필라멘트사(재봉사와소매용은제외하며,67데시텍스미만인합성모노필라멘트를포함한다)"
5403,"재생ㆍ반(半)합성필라멘트사[재봉사와소매용은제외하며,67데시텍스미만인재생ㆍ반(半)합성모노필라멘트를포함한다]"
5404,"합성모노필라멘트(67데시텍스이상인것으로서횡단면의치수가1밀리미터이하인것으로한정한다),방직용합성섬유재료의스트립(strip)이나이와유사한것[예:인조스트로(straw)](시폭이5밀리미터이하인것으로한정한다)"
5405,"재생 .반합성모노필라멘트 (67데시텍스이상 ,횡단면최대치수 1MM이하 ) 및 재생 또는 반합성방직용 섬유재료의 스트립 또는 이와 유사한것(시폭이 5MM이하)"
5406,"인조장섬유사 (재봉사제외 ,소매용의  것 )"
5407,합성필라멘트사의직물(제5404호재료로직조한직물을포함한다)
5408,재생ㆍ반(半)합성필라멘트사의직물(제5405호의재료로직조한직물을포함한다)
5501,합성필라멘트토우(tow)
5502,"재생 ,반합성장섬유  토우"
5503,합성스테이플섬유[카드(card)ㆍ코움(comb)이나그밖의방적준비처리를한것은제외한다]
5504,재생ㆍ반(半)합성스테이플섬유[카드(card)ㆍ코움(comb)이나그밖의방적준비처리를한것은제외한다]
5505,인조섬유의웨이스트(waste)[노일(noil)ㆍ실의웨이스트ㆍ가닛스톡(garnettedstock)을포함한다]
5506,합성스테이플섬유[카드(card)ㆍ코움(comb)이나그밖의방적준비처리를한것으로한정한다]
5507,재생 .반합성단섬유 (방적준비처리  한  것 )
5508,인조스테이플섬유의재봉사(소매용인지에상관없다)
5509,합성스테이플섬유사(재봉사와소매용은제외한다)
5510,재생ㆍ반(半)합성스테이플섬유사(재봉사와소매용은제외한다)
5512,합성스테이플섬유의직물(합성스테이플섬유의함유량이전중량의100분의85이상인것으로한정한다)
5513,주로면과혼방한합성스테이플섬유의직물(합성스테이플섬유의함유량이전중량의100분의85미만인것으로서1제곱미터당중량이170그램이하인것으로한정한다)
5514,주로면과혼방한합성스테이플섬유의직물(합성스테이플섬유의함유량이전중량의100분의85미만인것으로서1제곱미터당중량이170그램을초과하는것으로한정한다)
5515,합성스테이플섬유의그밖의직물
5516,재생ㆍ반(半)합성스테이플섬유의직물
5601,"방직용섬유의워딩(wadding)과그제품[예:방직용섬유로서길이가5밀리미터이하인것(플록),방직용섬유의더스트(dust)와밀네프(millnep)]"
5602,펠트(felt)(침투ㆍ도포ㆍ피복ㆍ적층한것인지에상관없다)
5603,부직포(침투ㆍ도포ㆍ피복ㆍ적층한것인지에상관없다)
5604,"고무실과고무끈(방직용섬유로피복한것으로한정한다),방직용섬유사,제5404호나제5405호의스트립(strip)과이와유사한물품(고무나플라스틱을침투ㆍ도포ㆍ피복하거나시드한(sheathed)것으로한정한다)"
5605,"금속드리사 (방직용섬유사의  것 ,금속과  결합하거나피복한  것 )"
5606,"짐프사 ,셔니일사  루프웨일사"
5607,"끈ㆍ배의밧줄(cordage)ㆍ로프ㆍ케이블[엮거나짠것인지,고무나플라스틱을침투ㆍ도포ㆍ피복ㆍ시드한(sheathed)것인지에상관없다]"
5608,"매듭이있는그물감[끈ㆍ배의밧줄(cordage)ㆍ로프로만든것으로한정한다],방직용섬유제품으로만든어망,그밖의제품으로만든그물"
5609,"합성 .재생 .반합성  방직용  섬유재료의  스트립 .실의제품 ,끈 .로우프"
5701,"양탄자류와그밖의방직용섬유로만든바닥깔개(매듭이있는것으로한정하며,제품으로된것인지에상관없다)"
5702,"양탄자류와그밖의방직용섬유로만든바닥깔개[직조한것으로한정하고,터프트(tuft)하거나플록(flock)한것은제외하고,제품으로된것인지에상관없으며켈렘(kelem)ㆍ슈맥(schumack)ㆍ카라마니(karamanie)와이와유사한손으로짠러그(rug)를포함한다]"
5703,"양탄자류와그밖의방직용섬유로만든바닥깔개[터프트(tuft)한것으로한정하며,제품으로된것인지에상관없다]"
5705,기타  양탄자류와  기타  방직용  섬유제의  바닥깔개
5801,파일(pile)직물ㆍ셔닐(chenille)직물(제5802호나제5806호에해당하는직물은제외한다)
5802,"테리타월지(terrytowellingfabric)와이와유사한테리(terry)직물[제5806호에해당하는세폭(細幅)직물은제외한다],터프트(tuft)한직물(제5703호에해당하는물품은제외한다)"
5803,거어즈 (세폭직물은  제외 )
5804,"튈(tulle)과그밖의망직물(제직한것ㆍ메리야스편물이나뜨개질편물은제외한다),레이스[원단상태ㆍ스트립(strip)이나모티프(motif)로된것으로한정하며,제6002호부터제6006호까지의편물은제외한다]"
5806,세폭(細幅)직물(제5807호에해당하는것은제외한다)과접착제로접착한경사(經絲)만으로이루어진세폭(細幅)직물(볼덕)
5807,"섬유로만든레이블(label),배지(badge)와이와유사한물품[원단상태인것ㆍ스트립(strip)모양인것ㆍ특정한모양이나크기로절단한것으로한정하며,자수한것은제외한다]"
5808,"원단상태인브레이드(braid)와원단상태인장식용트리밍(trimming)(자수가없는것으로한정하며,메리야스편물이나뜨개질편물은제외한다),술ㆍ폼퐁(pompon)과이와유사한물품"
5809,금속사와  금속드리사를  사용한  직물 (의류 .실내용품등에  사용  되는것 )
5810,자수천[원단상태인것ㆍ스트립(strip)모양인것ㆍ모티프(motif)로된것으로한정한다]
5811,원단상의  방직용  누비제품 (자수포는  제외 )
5901,"서적장정용이나이와유사한용도로사용하는방직용섬유의직물류로서검(gum)이나전분질의물품을도포한것,투사포(tracingcloth),회화용캔버스,모자제조에사용되는버크럼(buckram)과이와유사한경화가공된방직용섬유의직물"
5902,강력사의타이어코드(tyrecord)직물[나일론이나그밖의폴리아미드ㆍ폴리에스테르ㆍ비스코스레이온(viscoserayon)의것으로한정한다]
5903,플라스틱을침투ㆍ도포ㆍ피복하거나적층한방직용섬유의직물류(제5902호에해당하는직물류는제외한다)
5904,리놀륨과방직용섬유직물의뒷면을도포하거나피복한것으로만든바닥깔개(특정한모양으로절단한것인지에상관없다)
5905,방직용  섬유제의  벽피복제
5906,고무가공을한방직용섬유의직물류(제5902호에해당하는직물류는제외한다)
5907,기타의  방법으로  침투 .도포 .피복한  방직용  섬유의직물류
5908,여러용도의  심지와  백열가스맨틀  및  백열가스맨틀용관상편물
5910,방직용  섬유제의  전동용 .콘베이어용  벨트와  벨팅
5911,방직용섬유제품과방직용섬유로만든물품(이류의주제7호에열거된물품으로공업용으로사용되는것)
6001,"파일(pile)편물[롱파일(longpile)편물과테리(terry)편물을포함하며,메리야스편물이나뜨개질편물로한정한다]"
6002,메리야스편물이나뜨개질편물(폭이30센티미터이하이며탄성사나고무실의함유중량이전중량의100분의5이상인것으로서제6001호의것은제외한다)
6003,메리야스편물이나뜨개질편물(폭이30센티미터이하인것으로서제6001호나제6002호의것은제외한다)
6004,메리야스편물이나뜨개질편물(폭이30센티미터를초과하며탄성사나고무실의함유중량이전중량의100분의5이상인것으로서제6001호의것은제외한다)
6005,"경(經)편직직물류[거룬(galloon)편직기로제조한것을포함하며,제6001호부터제6004호까지의것은제외한다]"
6006,그밖의메리야스편물이나뜨개질편물
6101,"남성용이나소년용오버코트(overcoat)ㆍ카코트(car-coat)ㆍ케이프(cape)ㆍ클록(cloak)ㆍ아노락(anorak)(스키재킷을포함한다)ㆍ윈드치터(wind-cheater)ㆍ윈드재킷(wind-jacket)과이와유사한의류(메리야스편물과뜨개질편물로한정하며,제6103호의것은제외한다)"
6102,"여성용이나소녀용오버코트(overcoat)ㆍ카코트(car-coat)ㆍ케이프(cape)ㆍ클록(cloak)ㆍ아노락(anorak)(스키재킷을포함한다)ㆍ윈드치터(wind-cheater)ㆍ윈드재킷(wind-jacket)과이와유사한의류(메리야스편물과뜨개질편물로한정하며,제6104호의것은제외한다)"
6103,"남성용이나소년용슈트ㆍ앙상블(ensemble)ㆍ재킷ㆍ블레이저(blazer)ㆍ긴바지ㆍ가슴받이와멜빵이있는바지ㆍ짧은바지(breeches)ㆍ반바지(shorts)(메리야스편물이나뜨개질편물로한정하며,수영복은제외한다)"
6104,"여성용이나소녀용슈트ㆍ앙상블(ensemble)ㆍ재킷ㆍ블레이저(blazer)ㆍ드레스ㆍ스커트ㆍ치마바지ㆍ긴바지ㆍ가슴받이와멜빵이있는바지ㆍ짧은바지(breeches)ㆍ반바지(shorts)(메리야스편물이나뜨개질편물로한정하며,수영복은제외한다)"
6105,남성용이나소년용셔츠(메리야스편물이나뜨개질편물로한정한다)
6106,여성용이나소녀용블라우스ㆍ셔츠ㆍ셔츠블라우스(메리야스편물이나뜨개질편물로한정한다)
6107,남성용이나소년용언더팬츠ㆍ브리프(brief)ㆍ나이트셔츠ㆍ파자마ㆍ목욕용가운ㆍ드레싱가운과이와유사한물품(메리야스편물이나뜨개질편물로한정한다)
6108,여성용이나소녀용슬립ㆍ페티코트(petticoat)ㆍ브리프(brief)ㆍ팬티ㆍ나이트드레스ㆍ파자마ㆍ네그리제(negligee)ㆍ목욕용가운ㆍ드레싱가운과이와유사한의류(메리야스편물이나뜨개질편물로한정한다)
6109,티셔츠ㆍ싱글리트(singlet)와그밖의조끼(메리야스편물이나뜨개질편물로한정한다)
6110,저지(jersey)ㆍ풀오버(pullover)ㆍ카디건(cardigan)ㆍ웨이스트코트(waistcoat)와이와유사한의류(메리야스편물이나뜨개질편물로한정한다)
6111,유아용의류와그부속품(메리야스편물이나뜨개질편물로한정한다)
6112,트랙슈트ㆍ스키슈트ㆍ수영복(메리야스편물이나뜨개질편물로한정한다)
6113,고무  및  플라스틱가공한  직물의  의류 (메리야스  및뜨게질편물 )
6114,그밖의의류(메리야스편물이나뜨개질편물로한정한다)
6115,"팬티호스(pantyhose)ㆍ타이츠(tights)ㆍ스타킹과그밖의양말류[단계압박양말류(예:정맥류치료용스타킹)와바닥을대지않은신발류를포함하며,메리야스편물이나뜨개질편물로한정한다]"
6116,장갑류(메리야스편물이나뜨개질편물로한정한다)
6117,그밖의메리야스편물이나뜨개질편물로만든의류부속품과의류ㆍ의류부속품의부분품
6201,남성용이나소년용오버코트(overcoat)ㆍ카코트(car-coat)ㆍ케이프(cape)ㆍ클록(cloak)ㆍ아노락(anorak)(스키재킷을포함한다)ㆍ윈드치터(wind-cheater)ㆍ윈드재킷(wind-jacket)과이와유사한의류(제6203호의것은제외한다)
6202,여성용이나소녀용오버코트(overcoat)ㆍ카코트(car-coat)ㆍ케이프(cape)ㆍ클록(cloak)ㆍ아노락(anorak)(스키재킷을포함한다)ㆍ윈드치터(wind-cheater)ㆍ윈드재킷(wind-jacket)과이와유사한의류(제6204호의것은제외한다)
6203,남성용이나소년용슈트ㆍ앙상블(ensemble)ㆍ재킷ㆍ블레이저(blazer)ㆍ긴바지ㆍ가슴받이와멜빵이있는바지ㆍ짧은바지(breeches)ㆍ반바지(shorts)(수영복은제외한다)
6204,여성용이나소녀용슈트ㆍ앙상블(ensemble)ㆍ재킷ㆍ블레이저(blazer)ㆍ드레스ㆍ스커트ㆍ치마바지ㆍ긴바지ㆍ가슴받이와멜빵이있는바지ㆍ짧은바지(breeches)ㆍ반바지(shorts)(수영복은제외한다)
6205,남성용이나소년용셔츠
6206,여성용이나소녀용블라우스ㆍ셔츠ㆍ셔츠블라우스
6207,남성용이나소년용싱글리트(singlet)와그밖의조끼ㆍ언더팬츠ㆍ브리프(brief)ㆍ나이트셔츠ㆍ파자마ㆍ목욕용가운ㆍ드레싱가운과이와유사한물품
6208,여성용이나소녀용싱글리트(singlet)와그밖의조끼ㆍ슬립ㆍ페티코트(petticoat)ㆍ브리프(brief)ㆍ팬티ㆍ나이트드레스ㆍ파자마ㆍ네그리제(negligee)ㆍ목욕용가운ㆍ드레싱가운과이와유사한의류
6209,유아용의류와그부속품
6210,의류(제5602호ㆍ제5603호ㆍ제5903호ㆍ제5906호ㆍ제5907호의직물류의제품으로한정한다)
6211,트랙슈트ㆍ스키슈트ㆍ수영복과그밖의의류
6212,"브래지어ㆍ거들ㆍ코르셋(corset)ㆍ브레이스(braces)ㆍ서스펜더(suspender)ㆍ가터(garter)와이와유사한제품,이들의부분품(메리야스편물이나뜨개질편물로만든것인지에상관없다)"
6213,손수건
6214,숄(shawl)ㆍ스카프ㆍ머플러ㆍ만틸라(mantilla)ㆍ베일(veil)과이와유사한물품
6215,넥타이류
6216,장갑류 (직물제 )
6217,"그밖의제품으로된의류부속품,의류ㆍ의류부속품의부분품(제6212호에해당하는것은제외한다)"
6301,모포류와여행용러그(rug)
6302,베드린넨(bedlinen)ㆍ테이블린넨(tablelinen)ㆍ토일렛린넨(toiletlinen)ㆍ주방린넨(kitchenlinen)
6303,"커튼[드레이프(drape)를포함한다]ㆍ실내용블라인드(blind),커튼이나침대용밸런스(valance)"
6304,그밖의실내용품(제9404호의물품은제외한다)
6305,포장용빈포대
6306,"방수포(tarpaulin)ㆍ차양ㆍ차일,텐트,돛[보트용ㆍ세일보드(sailboard)용ㆍ랜드크래프트(landcraft)용],캠프용품"
6307,그밖의제품[드레스패턴(dresspattern)을포함한다]
6308,러그용 .태피스트리용 .자수한  테이블보용  직물  및  실로  구성된  ¿트
6309,중고의류  및  기타  중고섬유제품
6310,"넝마(사용하던것이나신품으로한정한다),끈ㆍ배의밧줄(cordage)ㆍ로프ㆍ케이블의스크랩(scrap),끈ㆍ배의밧줄(cordage)ㆍ로프ㆍ케이블제품의폐품(방직용섬유로만든것으로한정한다)"
6401,"방수신발류[바깥바닥과갑피(甲皮)를고무나플라스틱으로만든것으로한정하며,갑피(甲皮)를바닥에스티칭(stitching)ㆍ리베팅(riveting)ㆍ네일링(nailing)ㆍ스크루잉(screwing)ㆍ플러깅(plugging)이나이와유사한방법으로부착하거나조립한것은제외한다]"
6402,그밖의신발류[바깥바닥과갑피(甲皮)를고무나플라스틱으로만든것으로한정한다]
6403,"신발류[바깥바닥을고무ㆍ플라스틱ㆍ가죽ㆍ콤퍼지션레더(compositionleather)로만들고,갑피(甲皮)를가죽으로만든것으로한정한다]"
6404,"신발류[바깥바닥을고무ㆍ플라스틱ㆍ가죽ㆍ콤퍼지션레더(compositionleather)로만들고,갑피(甲皮)를방직용섬유재료로만든것으로한정한다]"
6405,그밖의신발류
6406,"신발류부분품[갑피(甲皮)(바깥바닥을제외한바닥에부착한것인지에상관없다)를포함한다],갈아끼울수있는안창과힐쿠션(heelcushion)이나이와유사한물품,각반ㆍ레깅스나이와유사한물품과이들의부분품"
6501,모체 (펠트제 .미성형의  것 )와  펠트제의  플래토우  및맨숀
6504,모자 (각종재료제의  대를  엮은것  또는  결합하여  만든것 )
6505,"모자[메리야스 또는 뜨개질의 것과 원단상(스트립상의 것을 제외한다)의 레이스ㆍ펠트 또는 기타의 방직용 섬유의 직물류로 만든 것에 한하며, 안을 댄 것 또는 장식한 것인지의 여부를 불문한다)]와 각종 재료제의 헤어네트(안을 댄 것 또는 장식한 것인지의 여부를 불문한다)"
6506,그밖의모자(안을댄것인지또는장식한것인지에상관없다)
6507,모자용  밴드 .내장재 .카버 .해트파운데이숀 .해트프레임 .챙  및  턱끈
6601,산류(傘類)[지팡이겸용우산ㆍ정원용산류(傘類)와이와유사한산류(傘類)를포함한다]
6602,지팡이 .시트스틱 .채찍  및  이와  유사한  것
6603,제6601호나제6602호의물품의부분품ㆍ트리밍(trimming)ㆍ부속품
6701,"우모 .솜털이  붙은  새의  피와  기타부분 ,우모와  그부분 ,솜털  및  이들의  제품"
6702,"인조꽃ㆍ잎ㆍ과실과이들의부분품,인조꽃ㆍ잎ㆍ과실로만든제품"
6703,"인모 ,가발제조용으로  조제한  양모 .기타수모 .기타  방직용  섬유재료"
6704,"가발ㆍ가수염ㆍ눈썹ㆍ속눈썹ㆍ스위치와이와유사한것(사람머리카락ㆍ동물의털ㆍ방직용섬유재료로만든것으로한정한다),사람머리카락으로된제품(따로분류되지않은것으로한정한다)"
6802,"가공한석비용ㆍ건축용석재[슬레이트(slate)는제외한다]와이들의제품(제6801호의물품은제외한다),모자이크큐브와이와유사한것[천연석재의것으로서슬레이트(slate)제품을포함하며,뒷면을보강한것인지에상관없다],인공적으로착색한천연석재[슬레이트(slate)를포함한다]의알갱이ㆍ조각ㆍ가루"
6803,가공한  슬레이트  및  슬레이트제품  또는  응결슬레이트의  제품
6804,"밀스톤(millstone)ㆍ그라인드스톤(grindstone)ㆍ그라인딩휠(grindingwheel)과이와유사한것(연마용ㆍ벼리기용ㆍ광택용ㆍ정형용ㆍ절단용인것으로서프레임을갖추지않은것으로한정한다)ㆍ수지석(手砥石)과이들의부분품[천연석,응결시킨천연ㆍ인조의연마재료로만든것이나도자(陶瓷)제의것으로한정하며,그밖의재료로만든부분품이부착되었는지에상관없다]"
6805,천연ㆍ인조의연마용가루나알갱이를방직용섬유재료ㆍ종이ㆍ판지나그밖의재료에부착한물품(특정한모양으로절단ㆍ봉합한것인지또는그밖의방법으로만든제품인지에상관없다)
6806,"슬래그울(slagwool)ㆍ암면(rockwool)과이와유사한광물성울,박리한버미큘라이트(vermiculite)ㆍ팽창점토ㆍ다포슬래그(slag)와이와유사하게팽창하는광물성재료,단열용ㆍ방음용ㆍ흡음용광물성재료의혼합물과그제품(제6811호ㆍ제6812호나제69류의것은제외한다)"
6807,아스팔트제품이나이와유사한재료[예:석유역청이나콜타르피치(coaltarpitch)]의제품
6808,판넬 .보드 .타일 .블록  및  이와  유사한  물품
6809,플라스터(plaster)제품이나플라스터(plaster)를기본재료로조합한제품
6810,시멘트제품ㆍ콘크리트제품ㆍ인조석제품(보강한것인지에상관없다)
6811,석면시멘트제품ㆍ셀룰로오스파이버시멘트제품이나이와유사한것
6812,"가공한석면섬유,석면을기본재료로한혼합물,석면과탄산마그네슘을기본재료로한혼합물,그혼합물들의제품,석면제품[예:석면의실ㆍ직물ㆍ의류ㆍ모자ㆍ신발ㆍ개스킷(gasket)](보강한것인지에상관없으며제6811호와제6813호의물품은제외한다)"
6813,"마찰재료와그제품[예:시트(sheet)ㆍ롤ㆍ스트립(strip)ㆍ세그먼트ㆍ디스크(disc)ㆍ와셔(washer)ㆍ패드](장착되지않은것으로서브레이크용ㆍ클러치용이나이와유사한용도의석면ㆍ그밖의광물성재료ㆍ셀룰로오스를기본재료로한것으로한정하며,직물이나그밖의재료와결합한것인지에상관없다)"
6814,운모(가공한것으로한정한다)와운모의제품(응결시키거나재생한운모를포함하며종이ㆍ판지나그밖의재료로된지지물에부착한것인지에상관없다)
6815,"석제품이나그밖의광물성재료의제품[탄소섬유ㆍ탄소섬유의제품ㆍ이탄(泥炭)제품을포함하며,따로분류되지않은것으로한정한다]"
6901,블록 .벽돌 .타일  및  기타의  도자제품 (규산질의  화석분으로  제조한것 )
6902,내화벽돌ㆍ내화블록ㆍ내화타일과이와유사한건설용내화도자제품(규산질의화석가루나이와유사한규산질의흙으로만든제품은제외한다)
6903,그밖의내화성도자제품[예:레토르트(retort)ㆍ도가니ㆍ머플ㆍ노즐ㆍ플러그ㆍ서포트ㆍ큐펠(cupel)ㆍ관(管)ㆍ쉬드(sheath)ㆍ막대(rod)](규산질의화석가루나이와유사한규산질의흙으로만든제품은제외한다)
6906,도자제의  관 .도관 .홈통  및  관의  연결구류
6907,"도자제의판석과포장(鋪裝)용ㆍ노(爐)용ㆍ벽용타일(유약처리하지않은것으로한정한다),도자제의모자이크큐브와이와유사한것(유약처리하지않은것으로한정하며,뒷면을보강한것인지에상관없다)"
6909,"실험실용ㆍ화학용이나그밖의공업용도자제품,농업용도자제통과이와유사한용기,물품의수송용ㆍ포장용으로사용하는도자제의항아리ㆍ단지와이와유사한제품"
6910,도자제의설거지통ㆍ세면대ㆍ세면대용받침ㆍ목욕통ㆍ비데ㆍ수세식변기통ㆍ수세식변기용물통ㆍ소변기와이와유사한위생용물품
6911,자기제의식탁용품ㆍ주방용품ㆍ그밖의가정용품ㆍ화장용품
6912,도자제의  식탁용품 .부엌용품 .기타  가정용품  및  화장용품
6913,도자제의작은조각상과그밖의장식용제품
6914,도자제의그밖의제품
7001,파유리  및  유리의  기타  웨이스트와  스크랩 .유리괴
7002,"유리로만든구(球)[제7018호의마이크로스피어(microsphere)는제외한다],막대(rod)나관(管)(가공하지않은것으로한정한다)"
7003,"주입법과롤(roll)법으로제조한유리[시트(sheet)모양이나프로파일(profile)모양으로한정하고,흡수층ㆍ반사층ㆍ무반사층인지에상관없으며그밖의방법으로가공하지않은것으로한정한다]"
7004,"인상법(引上法)과취입법(吹入法)으로제조한유리[시트(sheet)모양으로한정하고,흡수층ㆍ반사층ㆍ무반사층인지에상관없으며그밖의방법으로가공하지않은것으로한정한다]"
7005,"플로트유리(floatglass)와표면을연마한유리[시트(sheet)모양으로한정하고,흡수층ㆍ반사층ㆍ무반사층인지에상관없으며그밖의방법으로가공하지않은것으로한정한다]"
7006,"주입법 .롤법 .인상법 .취입법에  의한  유리 ,플로트 .연마유리 (가공한것 )"
7007,안전유리(강화유리나접합유리로된것으로한정한다)
7008,유리제의  복층절연유니트
7009,"유리거울(백미러를포함하며,틀을붙인것인지에상관없다)"
7010,"유리로만든카보이(carboy)ㆍ병ㆍ플라스크ㆍ단지ㆍ항아리ㆍ약병ㆍ앰플과그밖에이와유사한용기(물품의수송용ㆍ포장용으로한정한다),유리로만든보존병,유리로만든마개ㆍ뚜껑과그밖의마개류"
7011,밀폐되지않은유리로만든외피(벌브와튜브를포함한다)와이들의부분품(전구ㆍ음극선관이나이와유사한용도의것으로서부착물이없는것으로한정한다)
7013,"유리제품(식탁용ㆍ주방용ㆍ화장실용ㆍ사무용ㆍ실내장식용이나이와유사한용도로한정하며,제7010호나제7018호의것은제외한다)"
7014,신호용  유리제품  및  유리제의  광학용품 (광학적으로연마한것  제외 )
7015,"시계용유리와이와유사한유리,안경용(시력교정용인지에상관없다)유리[곡면인것ㆍ구부린것ㆍ중공(中空)인것이나이와유사한것으로광학적으로가공하지않은것으로한정한다],이들의제조에사용하는중공구면(中空球面)유리와그세그먼트"
7017,실험실용ㆍ위생용ㆍ약제용유리제품(눈금이있는지에상관없다)
7018,"유리로만든비드(bead)ㆍ모조진주ㆍ모조귀석과반귀석ㆍ이와유사한유리세공품ㆍ모조신변장식용품을제외한유리제품,인체용을제외한유리안구,작은조각상과램프가공한(lamp-worked)그밖의장식용유리제품(모조신변장식용품은제외한다),지름이1밀리미터를초과하지않는유리로만든마이크로스피어(microsphere)"
7019,유리섬유[글라스울(glasswool)을포함한다]와이들의제품(예:실ㆍ직물)
7020,유리제의  기타  제품
7101,"천연진주나양식진주(가공한것인지또는등급을매긴것인지에상관없으며실로꿴것ㆍ장착되거나세트로된것은제외한다.다만,수송의편의를위하여일시적으로실로꿴것을포함한다)"
7103,"귀석(다이아몬드는제외한다)과반귀석(가공한것인지또는등급을매긴것인지에상관없으며실로꿴것ㆍ장착되거나세트로된것은제외한다.다만,등급을매기지않은것으로서수송의편의를위하여일시적으로실로꿴것을포함한다)"
7104,"합성ㆍ재생한귀석이나반귀석(가공한것인지또는등급을매긴것인지에상관없으며실로꿴것,장착되거나세트로된것은제외한다.다만,등급을매기지않은것으로서수송의편의를위하여일시적으로실로꿴것을포함한다)"
7105,천연의것이나합성한귀석ㆍ반귀석의더스트(dust)와가루
7106,"은(금이나백금을도금한은을포함하며,가공하지않은것ㆍ반가공한모양이나가루모양인것으로한정한다)"
7107,은을  입힌  비금속 (일차제품보다  더  가공하지  않은것 )
7108,"금(백금을도금한금을포함하며,가공하지않은것ㆍ반가공한모양이나가루모양인것으로한정한다)"
7109,금을  입힌  비금속  또는  은 (일차제품보다  더  가공을하지  않은것 )
7110,백금(가공하지않은것ㆍ반가공한모양이나가루모양인것으로한정한다)
7111,백금을  입힌  비금속 .은 .금 (알차제품보다  더  가공하지않은  것 )
7113,신변장식용품과그부분품(귀금속으로만들거나귀금속을입힌금속으로만든것으로한정한다)
7114,금세공품이나은세공품과이들의부분품(귀금속으로만들거나귀금속을입힌금속으로만든것으로한정한다)
7115,귀금속이나귀금속을입힌금속의그밖의제품
7116,"천연진주나양식진주,귀석이나반귀석(천연의것,합성ㆍ재생한것)의제품"
7117,모조신변장식용품
7201,선철(銑鐵)과스피그라이즌(spiegeleisen)[피그(pig)ㆍ블록(block)모양이나그밖의일차제품(primaryform)형태인것으로한정한다]
7202,합금철(ferro-alloy)
7203,철광석을직접환원하여제조한철제품과그밖의해면질의철제품[럼프(lump)ㆍ펠릿(pellet)이나이와유사한모양인것으로한정한다]과순도가최저전중량의100분의99.94인철[럼프(lump)ㆍ펠릿(pellet)이나이와유사한모양인것으로한정한다]
7204,"철의웨이스트(waste)와스크랩(scrap),철강의재용해용스크랩잉곳(scrapingot)"
7205,알갱이와가루[선철(銑鐵)ㆍ스피그라이즌(spiegeleisen)ㆍ철강의것으로한정한다]
7207,철이나비합금강의반제품
7208,"철이나비합금강의평판압연제품[폭이600밀리미터이상인것으로서열간(熱間)압연한것으로한정하고,클래드(clad)ㆍ도금ㆍ도포한것은제외한다]"
7209,"철이나비합금강의평판압연제품[폭이600밀리미터이상인것으로서냉간압연(냉간환원)한것으로한정하고,클래드(clad)ㆍ도금ㆍ도포한것은제외한다]"
7210,철이나비합금강의평판압연제품[폭이600밀리미터이상인것으로서클래드(clad)ㆍ도금ㆍ도포한것으로한정한다]
7211,"철이나비합금강의평판압연제품[폭이600밀리미터미만인것으로한정하고,클래드(clad)ㆍ도금ㆍ도포한것은제외한다]"
7212,철이나비합금강의평판압연제품[폭이600밀리미터미만인것으로서클래드(clad)ㆍ도금ㆍ도포한것으로한정한다]
7213,철이나비합금강의봉[열간(熱間)압연한것으로서불규칙적으로감은코일모양인것으로한정한다]
7214,"철이나비합금강의그밖의봉[단조(鍛造)ㆍ열간(熱間)압연ㆍ열간인발(熱間引拔)ㆍ열간(熱間)압출보다더가공하지않은것으로한정하고,압연후꼬임가공된것을포함한다]"
7215,철이나비합금강의그밖의봉
7216,철이나비합금강의형강(形鋼)
7217,철이나비합금강의선(線)
7218,스테인리스강[잉곳(ingot)이나그밖의일차제품(primaryform)형태인것으로한정한다]과스테인리스강의반제품
7219,스테인리스강의평판압연제품(폭이600밀리미터이상인것으로한정한다)
7220,스테인리스강의평판압연제품(폭이600밀리미터미만인것으로한정한다)
7221,"스테인레스강의  봉 (열간압연한  것 ,불규칙적으로  감은  코일상의  것 )"
7222,스테인리스강의그밖의봉과스테인리스강의형강(形鋼)
7223,스테인레스강의  선
7224,그밖의합금강[잉곳(ingot)이나그밖의일차제품(primaryform)형태인것으로한정한다]과그밖의합금강의반제품
7225,그밖의합금강의평판압연제품(폭이600밀리미터이상인것으로한정한다)
7226,그밖의합금강의평판압연제품(폭이600밀리미터미만인것으로한정한다)
7227,그밖의합금강의봉[열간(熱間)압연한것으로서불규칙적으로감은코일모양으로한정한다]
7228,"그밖의합금강의그밖의봉,그밖의합금강의형강(形鋼),합금강이나비합금강의중공(中空)드릴봉"
7229,그밖의합금강의선(線)
7301,철강으로만든널말뚝(sheetpiling)(구멍을뚫은것인지또는조립된것인지에상관없다)과용접된형강(形鋼)
7302,철강으로 만든 철도용이나 궤도용 선로의 건설재료[레일(rail)ㆍ첵레일(check-rail)과 랙레일(rack rail)ㆍ스위치 블레이드(switch blade)ㆍ교차구류(crossing frog)ㆍ전철봉(point rod)과 그 밖의 크로싱피스(crossing piece)ㆍ받침목(크로스타이)ㆍ이음매판(fish-plate)ㆍ좌철(座鐵)ㆍ좌철(座鐵)쐐기ㆍ밑판(sole plate)(베이스플레이트)ㆍ레일클립ㆍ받침판(bedplate)ㆍ격재(tie)와 레일의 접속이나 고착에전용되는 그 밖의 재료로 한정한다]
7303,주철제의  관과  중공프로파일
7304,철강(주철은제외한다)으로만든관(管)과중공(中空)프로파일(profile)[무계목(無繼目)으로한정한다]
7305,"철강으로만든그밖의관(管)[예:용접ㆍ리벳(rivet)이나이와유사한방법으로봉합한것]으로서횡단면이원형이고,바깥지름이406.4밀리미터를초과하는것"
7306,철강으로만든그밖의관(管)과중공(中空)프로파일(profile)[예:오픈심(openseam)ㆍ용접ㆍ리벳(rivet)이나이와유사한방법으로봉합한것]
7307,철강으로만든관(管)연결구류[예:커플링(coupling)ㆍ엘보(elbow)ㆍ슬리브(sleeve)]
7308,"철강으로만든구조물(제9406호의조립식건축물은제외한다)과구조물의부분품[예:다리와교량ㆍ수문ㆍ탑ㆍ격자주(格子柱)ㆍ지붕ㆍ지붕틀ㆍ문과창및이들의틀과문지방ㆍ셔터ㆍ난간ㆍ기둥],구조물용으로가공한철강으로만든판ㆍ대ㆍ봉ㆍ형재(形材)ㆍ관(管)과이와유사한것"
7309,각종  재료용의  철강제  저장조 .탱크 .통 (용적이 30 0L초과 )
7310,"철강으로만든각종재료용탱크ㆍ통ㆍ드럼ㆍ캔ㆍ상자와이와유사한용기(압축용이나액화가스용은제외하고,기계장치나가열ㆍ냉각장치를갖추지않은것으로용적이300리터이하인것으로한정하며,내장한것인지또는열절연한것인지에상관없다)"
7311,철강제의  용기 (압축  또는  액화가스용의  것 )
7312,철강으로만든연선(strandedwire)ㆍ로프ㆍ케이블ㆍ엮은밴드ㆍ사슬과이와유사한것(전기절연한것은제외한다)
7313,"철강제의  유자선 ,대  또는  평선을  꼰것과  느슨하게꼰 2중선 (울타리용 )"
7314,철강선으로만든클로스(cloth)[엔드리스밴드(endlessband)를포함한다]ㆍ그릴ㆍ망ㆍ울타리ㆍ익스팬디드메탈(expandedmetal)
7315,철강으로만든체인과그부분품
7316,철강제의  닻과  그  부분품
7317,철강제의  못 .압정 .제도용핀 .파형못 .스테이플과  이와유사한  물품
7318,철강으로만든스크루(screw)ㆍ볼트(bolt)ㆍ너트(nut)ㆍ코치스크루(coachscrew)ㆍ스크루훅(screwhook)ㆍ리벳(rivet)ㆍ코터(cotter)ㆍ코터핀(cotter-pin)ㆍ와셔(washer)[스프링와셔(springwasher)를포함한다]와이와유사한물품
7319,"철강으로만든수봉침ㆍ수편침ㆍ돗바늘ㆍ코바늘ㆍ자수용천공수침과이와유사한물품으로서손으로사용하는것,철강으로만든안전핀과그밖의핀(따로분류되지않은것으로한정한다)"
7320,철강으로만든스프링과스프링판
7321,철강으로만든스토브(stove)ㆍ레인지(range)ㆍ화상(火床)ㆍ조리기(중앙난방용보조보일러를갖춘것을포함한다)ㆍ바비큐(barbecue)ㆍ화로ㆍ가스풍로ㆍ가열판과이와유사한비전기식가정용기구와이들의부분품
7322,"철강으로만든방열기(중앙난방용으로한정하고,전기가열식은제외한다)와이들의부분품,동력구동식송풍기를갖춘공기가열기와온풍배분기(냉풍이나조절된공기를공급할수있는배분기를포함하고,전기가열식은제외한다)와이들의부분품"
7323,"철강으로만든식탁용품ㆍ주방용품이나그밖의가정용물품과이들의부분품,철강의울,철강으로만든용기세정용구와세정용이나폴리싱(polishing)용패드ㆍ글러브(glove)와이와유사한것"
7324,철강으로만든위생용품과그부분품
7325,철강으로만든그밖의주물제품
7326,철강으로만든그밖의제품
7401,동의  매트와  시멘트동 (침전동 )
7402,정제하지  않은  동과  전해  정제용의  동양극
7403,정제한구리와구리합금(가공하지않은것으로한정한다)
7404,동의  웨이스트와  스크랩
7405,동의  마스터얼로이
7406,구리의가루와플레이크(flake)
7407,구리의봉과프로파일(profile)
7408,구리의선
7409,구리의판ㆍ시트(sheet)ㆍ스트립(두께가0.15밀리미터를초과하는것으로한정한다)
7410,구리의박(箔)[인쇄한것인지또는종이ㆍ판지ㆍ플라스틱이나이와유사한보강재로뒷면을붙인것인지에상관없으며그두께(보강재의두께는제외한다)가0.15밀리미터이하인것으로한정한다]
7411,구리로만든관(管)
7412,구리로만든관(管)연결구류[예:커플링(coupling)ㆍ엘보(elbow)ㆍ슬리브(sleeve)]
7413,동제의  연선 .케이블 .엮은  밴드  및  유사제품 (전기절연한  것  제외 )
7415,"구리로만든못ㆍ압정ㆍ제도용핀ㆍ스테이플(제8305호의것은제외한다)과이와유사한물품[구리로만든것이나구리로만든두부(頭部)를가진철강으로만든것으로한정한다],구리로만든스크루(screw)ㆍ볼트(bolt)ㆍ너트(nut)ㆍ스크루훅(screwhook)ㆍ리벳(rivet)ㆍ코터(cotter)ㆍ코터핀(cotter-pin)ㆍ와셔(washer)[스프링와셔(springwasher)를포함한다]와이와유사한물품"
7418,"구리로만든식탁용품ㆍ주방용품이나그밖의가정용물품과이들의부분품,구리로만든용기세정용구와세정용이나폴리싱(polishing)용패드ㆍ글러브(glove)와이와유사한것,구리로만든위생용품과그부분품"
7419,구리로만든그밖의제품
7502,니켈의괴(塊)
7503,니켈의  웨이스트와  스크랩
7504,니켈의  분과  플레이크
7505,니켈의봉ㆍ프로파일(profile)ㆍ선(線)
7506,니켈의판ㆍ시트(sheet)ㆍ스트립ㆍ박(箔)
7507,니켈로만든관(管)이나관(管)연결구류[예:커플링(coupling)ㆍ엘보(elbow)ㆍ슬리브(sleeve)]
7508,니켈로만든기타제품
7601,알루미늄의괴(塊)
7602,알루미늄의  웨이스트와  스크랩
7603,알루미늄의가루와플레이크(flake)
7604,알루미늄의봉과프로파일(profile)
7605,알루미늄의선
7606,알루미늄의판ㆍ시트(sheet)ㆍ스트립(두께가0.2밀리미터를초과하는것으로한정한다)
7607,알루미늄의박(箔)[인쇄한것인지또는종이ㆍ판지ㆍ플라스틱이나이와유사한보강재로뒷면을붙인것인지에상관없으며그두께(보강재의두께는제외한다)가0.2밀리미터를초과하지않는것으로한정한다]
7608,알루미늄으로만든관(管)
7609,알루미늄제의  관  연결구류 (커플링 .엘보우 .슬리브 )
7610,"알루미늄으로만든구조물(제9406호의조립식건축물은제외한다)과그부분품[예:다리와교량ㆍ수문ㆍ탑ㆍ격자주(格子柱)ㆍ지붕ㆍ지붕틀ㆍ문과창및이들의틀과문지방ㆍ난간ㆍ기둥],구조물용으로가공한알루미늄으로만든판ㆍ봉ㆍ프로파일(profile)ㆍ관(管)과이와유사한것"
7611,알루미늄제  저장조 .탱크 .통  및  유사용기 (용적 300 L초과 )
7612,"알루미늄으로만든각종재료용통ㆍ드럼ㆍ캔ㆍ상자와이와유사한용기(경질이나연질의튜브형용기를포함하고,압축용이나액화가스용은제외하며,기계장치나가열ㆍ냉각장치를갖추지않은것으로서용적이300리터이하인것으로한정하고,내장한것인지또는열절연한것인지에상관없다)"
7613,알루미늄제의  용기 (압축  또는  액화가스용의  것 )
7614,알루미늄으로만든연선ㆍ케이블ㆍ엮은밴드와이와유사한것(전기절연한것은제외한다)
7615,"알루미늄으로만든식탁용품ㆍ주방용품이나그밖의가정용물품과이들의부분품,알루미늄으로만든용기세정용구와세정용이나폴리싱(polishing)용패드ㆍ글러브(glove)와이와유사한것,알루미늄으로만든위생용품과그부분품"
7616,알루미늄으로만든그밖의제품
7801,납의괴(塊)
7804,"납의판ㆍ시트(sheet)ㆍ스트립ㆍ박(箔),가루와플레이크(flake)"
7806,연제의  기타제품
7901,아연의괴(塊)
7903,아연의더스트(dust)ㆍ가루ㆍ플레이크(flake)
7904,아연의  봉 .프로파일  및  선
7905,아연의  판 .쉬트 .대  및  박
7907,아연제의  기타제품
8001,주석의괴(塊)
8002,주석의  웨이스트와  스크랩
8003,주석의  봉 .프로파일  및  선
8007,주석제의  기타제품
8101,텅스텐(월프람)과그제품[웨이스트(waste)와스크랩(scrap)을포함한다]
8102,몰리브데늄과그제품[웨이스트(waste)와스크랩(scrap)을포함한다]
8103,탄탈륨과그제품[웨이스트(waste)와스크랩(scrap)을포함한다]
8104,마그네슘과그제품[웨이스트(waste)와스크랩(scrap)을포함한다]
8105,"코발트의매트(mat)와코발트제련으로생산된그밖의중간생산물,코발트와그제품[웨이스트(waste)와스크랩(scrap)을포함한다]"
8106,비스머드와  그  제품
8107,카드뮴과그제품[웨이스트(waste)와스크랩(scrap)을포함한다]
8108,티타늄과그제품[웨이스트(waste)와스크랩(scrap)을포함한다]
8109,지르코늄과그제품[웨이스트(waste)와스크랩(scrap)을포함한다]
8111,망간과  그  제품 (웨이스트 .스크랩  포함 )
8112,베릴륨ㆍ크로뮴ㆍ게르마늄ㆍ바나듐ㆍ갈륨ㆍ하프늄ㆍ인듐ㆍ니오븀(컬럼븀)ㆍ레늄ㆍ탈륨과이것으로만든제품[웨이스트(waste)와스크랩(scrap)을포함한다]
8113,서미트와  그  제품 (웨이스트와  스크랩  호함 )
8201,"수공구에해당하는것중가래ㆍ삽ㆍ곡괭이ㆍ픽스(picks)ㆍ괭이ㆍ포크와쇠스랑,도끼ㆍ빌훅(billhook)과이와유사한절단용공구,각종전지가위,낫ㆍ초절기(草切機)ㆍ울타리전단기(剪斷機)ㆍ제재(製材)용쐐기와그밖의농업용ㆍ원예용ㆍ임업용공구"
8202,"수동식톱,각종톱날[슬리팅(slitting)ㆍ슬로팅(slotting)ㆍ이가없는톱날을포함한다]"
8203,줄ㆍ플라이어(plier)[절단용플라이어(plier)를포함한다]ㆍ집게ㆍ핀셋ㆍ금속절단용가위ㆍ파이프커터(pipe-cutter)ㆍ볼트크로퍼(boltcropper)ㆍ천공펀치와이와유사한수공구
8204,"수동식스패너(spanner)와렌치(wrench)(토크미터렌치)를포함하나탭렌치(tapwrench)는제외한다],호환성스패너소켓(spannersocket)(손잡이가달린것인지에상관없다)"
8205,"수공구(유리가공용다이아몬드공구를포함하며따로분류되지않은것으로한정한다),블로램프(blowlamp),공작기계의부분품ㆍ부속품외의바이스(vice)ㆍ클램프(clamp)와이와유사한것,모루,가반식화덕,프레임을갖춘수동식이나페달식그라인딩휠(grindingwheel)"
8206,"수동식  톱 .톱날 ,수공구 ,블로우램프등  둘이상  공구의  소매용  세트"
8207,수공구용(동력작동식인지에상관없다)이나기계용호환성공구[예:프레싱(pressing)용ㆍ스탬핑(stamping)용ㆍ펀칭(punching)용ㆍ태핑(tapping)용ㆍ드레딩(threading)용ㆍ드릴링(drilling)용ㆍ보링(boring)용ㆍ브로칭(broaching)용ㆍ밀링(milling)용ㆍ터닝(turning)용ㆍ스크루드라이빙(screwdriving)용][금속의인발(引拔)용이나압출용다이(die)와착암용이나굴착용공구를포함한다]
8208,기계용이나기구용칼과절단용칼날
8209,공구용의  판 .봉 .팁  및  이와  유사한  제품 (장착하지않은  것 )
8210,"수동식  기계기구 (음식물  조리용 ,중량 10KG이하인  것 )"
8211,칼(톱니가있는지에상관없으며절단용칼날을갖춘것으로한정하고전정용칼을포함하며제8208호의칼은제외한다)과그날
8212,면도기와면도날[면도날의블랭크(blank)로서스트립모양인것을포함한다]
8213,가위  및  그  날
8214,"그밖의칼붙이제품[예:이발기ㆍ정육점용이나주방용칼붙이ㆍ토막용칼(chopper)과다지기(mincing)용칼ㆍ종이용칼],매니큐어ㆍ페디큐어(pedicure)세트와용구(손톱줄을포함한다)"
8215,스푼ㆍ포크ㆍ국자ㆍ스키머(skimmer)ㆍ케이크서버(cake-server)ㆍ생선용칼ㆍ버터용칼ㆍ설탕집게와이와유사한주방용품이나식탁용품
8301,"비금속(卑金屬)으로만든자물쇠(열쇠식ㆍ다이얼식ㆍ전기작동식),비금속(卑金屬)으로만든걸쇠와걸쇠가붙은프레임으로자물쇠가결합되어있는것,이들물품에사용되는비금속(卑金屬)으로만든열쇠"
8302,"비금속(卑金屬)으로만든장착구ㆍ부착구와이와유사한물품[가구ㆍ문ㆍ계단ㆍ창ㆍ블라인드ㆍ차체(coachwork)ㆍ마구ㆍ트렁크ㆍ장ㆍ함이나이와유사한것에적합한것으로한정한다],비금속(卑金屬)으로만든모자걸이ㆍ브래킷(bracket)과이와유사한부착구,비금속(卑金屬)으로만든장착구가있는카스터(castor),비금속(卑金屬)으로만든자동도어폐지기"
8303,비금속제의  금고 .스트롱박스 .현금함 .손금고  및  유사제품
8305,"비금속(卑金屬)으로만든루스-리프(loose-leaf)식바인더용이나서류철용피팅(fitting)ㆍ서신용클립ㆍ레터코너(lettercorner)ㆍ서류용클립ㆍ색인용태그와이와유사한사무용품,비금속(卑金屬)으로만든스트립모양인스테이플(staple)(예:사무실용ㆍ가구류용ㆍ포장용의것)"
8306,"비금속(卑金屬)으로만든벨ㆍ징과이와유사한것(전기식은제외한다),비금속(卑金屬)으로만든작은조각상과그밖의장식품,비금속(卑金屬)으로만든사진틀ㆍ그림틀이나이와유사한틀,비금속(卑金屬)으로만든거울"
8307,비금속(卑金屬)으로만든플렉시블튜빙(flexibletubing)(연결구류가붙은것인지에상관없다)
8308,"비금속(卑金屬)으로만든걸쇠ㆍ걸쇠가붙은프레임ㆍ버클(buckle)ㆍ버클(buckle)걸쇠ㆍ훅(hook)ㆍ아이(eye)ㆍ아일릿(eyelet)과이와유사한것(의류ㆍ신발류ㆍ차양ㆍ핸드백ㆍ여행구나그밖의물품에사용하는것으로한정한다),비금속(卑金屬)으로만든관리벳(tubularrivet)이나두가닥리벳(bifurcatedrivet),구슬과스팽글(spangle)"
8309,비금속(卑金屬)으로만든전(栓)ㆍ캡ㆍ뚜껑[병마개ㆍ스크루캡(screwcap)ㆍ점적구용전(栓)을포함한다]ㆍ병용캡슐ㆍ나선형마개ㆍ마개용커버ㆍ실(seal)과그밖의포장용부속품
8310,"비금속제의  사인판 .명판 .주소판 ,숫자 .문자  및  기타  표지판"
8311,"비금속(卑金屬)이나금속탄화물로만든선ㆍ봉ㆍ관ㆍ판ㆍ용접봉과이와유사한물품[금속이나금속탄화물의납땜ㆍ납접ㆍ용접ㆍ용착에사용하는것으로서플럭스(flux)를도포하였거나심(芯)에충전한것으로한정한다],비금속(卑金屬)가루를응결시켜제조한금속스프레이(metalspraying)용선과봉"
8402,증기발생보일러(저압증기도발생시킬수있는중앙난방용온수보일러는제외한다)와과열수보일러(super-heatedwaterboiler)
8403,중앙난방용보일러(제8402호의것은제외한다)
8404,제8402호나제8403호의보일러용부속기기(예:연료절약기ㆍ과열기ㆍ그을음제거기ㆍ가스회수기)와증기원동기용응축기
8405,"발생로가스(producergas)나수성(水性)가스발생기,아세틸렌가스발생기와이와유사한습식가스발생기(청정기를갖춘것인지에상관없다)"
8406,증기터빈
8407,왕복이나로터리방식으로움직이는불꽃점화식피스톤내연기관
8408,압축점화식피스톤내연기관(디젤엔진이나세미디젤엔진)
8409,제8407호나제8408호의엔진에전용되거나주로사용되는부분품
8410,수력터빈ㆍ수차와이들의조정기
8411,터보제트ㆍ터보프로펠러와그밖의가스터빈
8412,그밖의엔진과모터
8413,액체펌프(계기를갖추었는지에상관없다)와액체엘리베이터
8414,"기체펌프나진공펌프ㆍ기체압축기와팬,팬이결합된환기용이나순환용후드(필터를갖추었는지에상관없다)"
8415,"공기조절기(동력구동식팬과온도나습도를변화시키는기구를갖춘것으로한정하며,습도만을따로조절할수없는것도포함한다)"
8416,"액체연료ㆍ잘게부순고체연료ㆍ기체연료를사용하는노(爐)용버너,기계식스토커(stoker)[이들의기계식불판ㆍ기계식회(灰)배출기와이와유사한기기를포함한다]"
8417,비전기식공업용이나실험실용노(爐)와오븐(소각로를포함한다)
8418,"냉장고ㆍ냉동고와그밖의냉장기구나냉동기구(전기식인지에상관없다),열펌프(제8415호의공기조절기는제외한다)"
8419,"가열ㆍ조리ㆍ배소(焙燒)ㆍ증류ㆍ정류ㆍ살균ㆍ저온살균ㆍ증기가열ㆍ건조ㆍ증발ㆍ응축ㆍ냉각과그밖의온도변화에따른방법으로재료를처리하는기계ㆍ설비ㆍ장치[전기가열식(제8514호의노(爐)와오븐과그밖의장비는제외한다),실험실용을포함하며일반적으로가정용으로사용하는것은제외한다]와전기가열식이아닌즉시식이나저장식물가열기"
8420,캘린더기(calenderingmachine)나그밖의로울기(rollingmachine)(금속이나유리가공용은제외한다)와이것에사용되는실린더
8421,"원심분리기(원심탈수기를포함한다),액체용이나기체용여과기나청정기"
8422,"접시세척기,병이나그밖의용기의세정용이나건조용기계,병ㆍ깡통ㆍ상자ㆍ자루ㆍ그밖의용기의충전용ㆍ봉함용ㆍ실링(sealing)용ㆍ레이블부착용기계,병ㆍ단지ㆍ통과이와유사한용기의캡슐부착(capsuling)용기계,그밖의포장기계(열수축포장기계를포함한다),음료용탄산가스주입기"
8423,"중량측정기기[감량(感量)이50밀리그램이하인저울은제외하며,중량측정식계수기와검사기를포함한다]와각종저울추"
8424,"액체나가루의분사용ㆍ살포용ㆍ분무용기기(수동식인지에상관없다),소화기(소화제를충전한것인지에상관없다),스프레이건과이와유사한기기,증기나모래의분사기와이와유사한제트분사기"
8425,"풀리태클(Pulleytackle)과호이스트(hoist)[스킵호이스트(skiphoist)는제외한다],윈치(winch)와캡스턴(capstan),잭(jack)"
8426,"선박의데릭(derrick),크레인(케이블크레인을포함한다),이동식양하대ㆍ스트래들캐리어(straddlecarrier),크레인이결합된작업트럭"
8427,"포크리프트트럭(fork-lifttruck),그밖의작업트럭[권양(捲揚)용이나하역용장비가결합된것으로한정한다]"
8428,그밖의권양(捲揚)용ㆍ하역용ㆍ적하용ㆍ양하용기계류[예:리프트ㆍ에스컬레이터ㆍ컨베이어ㆍ텔레페릭(teleferic)]
8429,자주식(自走式)불도저(bulldozer)ㆍ앵글도저(angledozer)ㆍ그레이더(grader)ㆍ레벨러(leveller)ㆍ스크래퍼(scraper)ㆍ메커니컬셔블(mechanicalshovel)ㆍ엑스커베이터(excavator)ㆍ셔블로더(shovelloader)ㆍ탬핑머신(tampingmachine)ㆍ로드롤러(roadroller)
8430,"그밖의이동용ㆍ정지(整地)용ㆍ지균(地均)용ㆍ스크래핑(scraping)용ㆍ굴착용ㆍ탬핑(tamping)용ㆍ콤팩팅(compacting)용ㆍ채굴용ㆍ천공용기계(토양용ㆍ광석용ㆍ광물용으로한정한다),항타기와항발기,스노플라우(snow-plough)와스노블로어(snow-blower)"
8431,제8425호부터제8430호까지의기계에전용되거나주로사용되는부분품
8432,농업용ㆍ원예용ㆍ임업용기계(토양정리용이나경작용으로한정한다)와잔디용이나운동장용롤러
8433,"수확기나탈곡기(짚이나건초결속기를포함한다),풀베는기계,새의알ㆍ과실이나그밖의농산물의세정기ㆍ분류기ㆍ선별기(제8437호의기계는제외한다)"
8434,착유기와낙농기계
8435,포도주ㆍ사과술ㆍ과즙이나이와유사한음료의제조에사용되는프레스(press)ㆍ크러셔(crusher)와이와유사한기계
8436,그밖의농업용ㆍ원예용ㆍ임업용ㆍ가금(家禽)사육용ㆍ양봉용기계(기계장치나가열장치를갖춘발아용기기를포함한다)와가금(家禽)의부란기와양육기
8437,"종자ㆍ곡물ㆍ건조한채두류(菜豆類)의세정기ㆍ분류기ㆍ선별기,제분업용기계나곡물ㆍ건조한채두류(菜豆類)의가공기계(농장형은제외한다)"
8438,"식음료의조제ㆍ제조산업용기계(이류에따로분류되지않은것으로한정하며,동물성또는비휘발성인식물성지방이나기름의추출용이나조제용기계는제외한다)"
8439,섬유소펄프의제조용기계와종이ㆍ판지의제조용이나완성가공용기계
8440,제본기계(제본용재봉기를포함한다)
8441,그밖의제지용펄프ㆍ종이ㆍ판지의가공기계(각종절단기를포함한다)
8442,"플레이트ㆍ실린더나그밖의인쇄용구성부품의조제용이나제조용기계류ㆍ장치ㆍ장비(제8456호부터제8465호까지의공작기계는제외한다),플레이트ㆍ실린더와그밖의인쇄용구성부품,인쇄용으로조제가공[예:평삭(平削)ㆍ그레인ㆍ연마]한플레이트ㆍ실린더와석판석"
8443,"제8442호의플레이트ㆍ실린더와그밖의인쇄용구성부품을사용하는인쇄기,그밖의인쇄기ㆍ복사기ㆍ팩시밀리(함께조합되었는지에상관없다),이들의부분품과부속품"
8444,인조섬유의  방사 .연신 .텍스춰  또는  절단용의  기계
8445,"방적준비기계,방적기ㆍ합사기(合絲機)ㆍ연사기(撚絲機)와그밖의방직사제조기계,권사기(捲絲機)[위권기(緯捲機)를포함한다]와제8446호나제8447호의기계에사용되는방직사를제조하는기계와준비기계"
8446,직기(직조기)
8447,"편직기,스티치본딩기(stitch-bondingmachine),짐프사(gimpedyarn)ㆍ튈(tulle)ㆍ레이스ㆍ자수천ㆍ트리밍(trimming)ㆍ브레이드(braid)나망의제조용기계ㆍ터프팅(tufting)기계"
8448,"제8444호ㆍ제8445호ㆍ제8446호ㆍ제8447호의기계의보조기계[예:도비(dobby)기ㆍ자카드기ㆍ자동정지기ㆍ셔틀교환기],이호나제8444호ㆍ제8445호ㆍ제8446호ㆍ제8447호의기계에전용되거나주로사용되는부분품과부속품[예:스핀들ㆍ스핀들플라이어ㆍ침포ㆍ코움(comb)ㆍ방사니플ㆍ셔틀ㆍ종광(heald)ㆍ종광프레임ㆍ메리야스용바늘]"
8449,펠트  또는  성형펠트의  제조 .완성  가공용기계  및  모자제조용의  형
8450,가정형이나세탁소형세탁기(세탁ㆍ건조겸용기를포함한다)
8451,"세탁용ㆍ클리닝용ㆍ쥐어짜기용ㆍ건조용ㆍ다림질용ㆍ프레스용[퓨징프레스(fusingpress)를포함한다]ㆍ표백용ㆍ염색용ㆍ드레싱용ㆍ완성가공용ㆍ도포용ㆍ침지(沈漬)용기계류[제8450호의것은제외하며,방적용실ㆍ직물류나이들제품에사용하는것으로한정한다]와리놀륨과같은바닥깔개의제조에사용되는직물이나그밖의지지물에페이스트를입히는기계,직물류의감기(reeling)용ㆍ풀기(unreeling)용ㆍ접음용ㆍ절단용ㆍ핑킹(pinking)용기계"
8452,"재봉기(제8440호의제본용재봉기는제외한다),재봉기용으로특수제작된가구ㆍ밑판ㆍ덮개,재봉기용바늘"
8453,"원피나가죽의유피(柔皮)준비기ㆍ유피(柔皮)기ㆍ가공기계,원피ㆍ가죽으로만든신발이나그밖의물품의제조용ㆍ수선용기계(재봉기는제외한다)"
8454,전로ㆍ레이들(ladle)ㆍ잉곳(ingot)용주형과주조기(야금용이나금속주조용으로한정한다)
8455,금속압연기와그롤
8456,각종재료의가공공작기계[레이저나그밖의광선ㆍ광자빔ㆍ초음파ㆍ방전ㆍ전기화학ㆍ전자빔ㆍ이온빔ㆍ플라즈마아크(plasmaarc)방식으로재료의일부를제거하여가공하는것으로한정한다]와워터제트절단기
8457,금속가공용머시닝센터(machiningcentre)ㆍ유닛컨스트럭션머신(unitconstructionmachine)(싱글스테이션)ㆍ멀티스테이션(multi-station)의트랜스퍼머신(transfermachine)
8458,금속절삭가공용선반(터닝센터를포함한다)
8459,금속절삭가공용공작기계[웨이타입(way-type)유닛헤드머신(unitheadmachine)을포함한다]로서드릴링(drilling)ㆍ보링(boring)ㆍ밀링(milling)ㆍ나선가공ㆍ태핑(tapping)에사용되는것[제8458호의선반(터닝센터를포함한다)은제외한다]
8460,디버링(deburring)ㆍ샤프닝(sharpening)ㆍ그라인딩(grinding)ㆍ호닝(honing)ㆍ래핑(lapping)ㆍ폴리싱(polishing)이나그밖의완성가공용공작기계로서연마석ㆍ연마재ㆍ광택재로금속이나서멧(cermet)을가공하는것(제8461호의기어절삭기ㆍ기어연삭기ㆍ기어완성가공기는제외한다)
8461,플레이닝(planing)용ㆍ쉐이핑(shaping)용ㆍ슬로팅(slotting)용ㆍ브로칭(broaching)용ㆍ기어절삭용ㆍ기어연삭용ㆍ기어완성가공용ㆍ톱질용ㆍ절단용공작기계와금속이나서멧(cermet)을절삭하는방식으로가공하는그밖의공작기계(따로분류되지않은것으로한정한다)
8462,"단조(鍛造)용ㆍ해머링(hammering)용ㆍ다이스탬핑(die-stamping)용금속가공기계(프레스를포함한다),굽힘용ㆍ접음용ㆍ교정용ㆍ펼침용ㆍ전단용ㆍ펀칭용ㆍ낫칭(notching)용금속가공기계(프레스를포함한다)와그외의가공방법에의한금속이나금속탄화물가공용프레스"
8463,그밖의금속이나서멧(cermet)의가공기계(재료를절삭하지않는방식으로한정한다)
8464,돌ㆍ도자기ㆍ콘크리트ㆍ석면시멘트나이와유사한광물성물질의가공기계와유리의냉간(冷間)가공기계
8465,목재ㆍ코르크ㆍ뼈ㆍ경질고무ㆍ경질플라스틱이나이와유사한경질물의가공기계(네일용ㆍ스테이플용ㆍ접착용과그밖의조립용기계를포함한다)
8466,제8456호부터제8465호까지의기계에전용되거나주로사용되는부분품과부속품[가공물홀더ㆍ툴홀더(toolholder)ㆍ자동개폐식다이헤드(diehead)ㆍ분할대와그밖의공작기계용특수부착물을포함한다]과수지식공구에사용되는각종툴홀더(toolholder)
8467,"수지식공구(압축공기식,유압식,전동기를갖추거나비전기식모터를갖춘것으로한정한다)"
8468,납땜용이나용접용기기(절단이가능한지에상관없으며제8515호에해당하는것은제외한다)와표면열처리용기기(가스를사용하는것으로한정한다)
8470,"계산기와계산기능을갖춘포켓사이즈형전자수첩ㆍ회계기ㆍ우편요금계기ㆍ표권발행기와그밖에이와유사한기계(계산기구를갖춘것으로한정한다),금전등록기"
8471,"자동자료처리기계와그단위기기,자기식이나광학식판독기,자료를자료매체에부호형태로전사하는기계와이러한자료의처리기계(따로분류되지않은것으로한정한다)"
8472,그밖의사무용기계[예:헥토그래프(hectograph)ㆍ스텐실(stencil)등사기ㆍ주소인쇄기ㆍ현금자동지불기ㆍ주화분류기ㆍ주화계수기나주화포장기ㆍ연필깎이ㆍ천공기ㆍ지철기(staplingmachine)]
8473,제8469호부터제8472호까지에해당하는기계에전용되거나주로사용되는부분품과부속품(커버ㆍ휴대용케이스와이와유사한물품은제외한다)
8474,"선별기ㆍ기계식체ㆍ분리기ㆍ세척기ㆍ파쇄기ㆍ분쇄기ㆍ혼합기ㆍ반죽기(고체모양ㆍ분말모양ㆍ페이스트모양인토양ㆍ돌ㆍ광석이나그밖의광물성물질의처리용으로한정한다),조괴기(造塊機)ㆍ형입기ㆍ성형기(成形機)(고체의광물성연료ㆍ세라믹페이스트ㆍ굳지않은시멘트ㆍ석고ㆍ가루모양이나페이스트모양인그밖의광물성생산품의처리용으로한정한다),주물용사형(砂型)의성형기(成形機)"
8475,전기램프나전자램프ㆍ튜브ㆍ밸브ㆍ플래시벌브(flashbulb)(외피를유리로만든것으로한정한다)의조립기계와유리나유리제품의제조용이나열간(熱間)가공용기계
8476,물품의자동판매기(예:우표ㆍ담배ㆍ식품ㆍ음료의자동판매기)와화폐교환기
8477,고무나플라스틱을가공하거나이들재료로제품을제조하는기계(이류에따로분류되지않은것으로한정한다)
8479,이류에따로분류되지않은기계류(고유의기능을가진것으로한정한다)
8480,"금속주조용주형틀,주형베이스,주형제조용모형,금속[잉곳(ingot)용은제외한다]ㆍ금속탄화물ㆍ유리ㆍ광물성물질ㆍ고무ㆍ플라스틱성형용주형"
8481,파이프ㆍ보일러동체ㆍ탱크ㆍ통이나이와유사한물품에사용하는탭ㆍ코크ㆍ밸브와이와유사한장치(감압밸브와온도제어식밸브를포함한다)
8482,볼베어링(ballbearing)이나롤러베어링(rollerbearing)
8483,"전동축[캠샤프트(camshaft)와크랭크샤프트(crankshaft)를포함한다],크랭크(crank),베어링하우징(bearinghousing)과플레인샤프트베어링(plainshaftbearing),기어(gear)와기어링(gearing),볼이나롤러스크루(rollerscrew),기어박스(gearbox),그밖의변속기[토크컨버터(torqueconverter)를포함한다],플라이휠(flywheel)과풀리(pulley)[풀리블록(pulleyblock)을포함한다],클러치(clutch)와샤프트커플링(shaftcoupling)[유니버설조인트(universaljoint)를포함한다]"
8484,"개스킷(gasket)과이와유사한조인트(금속외의재료와결합한금속판으로만든것이나금속을두개이상적층한것으로한정한다),재질이다른것을세트로하거나소포장한개스킷(gasket)과이와유사한조인트(작은주머니와봉투에넣은것이나이와유사한포장을한것으로한정한다),메커니컬실(mechanicalseal)"
8486,"반도체보울(boule)이나웨이퍼(wafer)ㆍ반도체디바이스ㆍ전자집적회로ㆍ평판디스플레이의제조에전용되거나주로사용되는기계와기기,이류의주제9호다목에서특정한기계와기기,그부분품과부속품"
8487,"기계류의부분품(접속자ㆍ절연체ㆍ코일ㆍ접촉자와그밖의전기용품을포함하지않으며,이류에따로분류되지않은것으로한정한다)"
8501,전동기와발전기(발전세트는제외한다)
8502,발전세트와회전변환기
8503,전동기 .발전기 .발전세트 .회전변환기의  부분품
8504,변압기ㆍ정지형변환기(예:정류기)와유도자
8505,"전자석,영구자석과자화(磁化)한후영구자석으로사용되는물품,전자석이나영구자석식척(chuck)ㆍ클램프와이와유사한가공물홀더,전자석커플링(coupling)ㆍ클러치와브레이크,전자석리프팅헤드(liftinghead)"
8506,일차전지
8507,"축전지(격리판을포함하며,직사각형이나정사각형인지에상관없다)"
8508,진공청소기
8509,"가정용전기기기(전동기를갖춘것으로한정하며,제8508호의진공청소기는제외한다)"
8510,면도기ㆍ이발기ㆍ모발제거기[전동기를갖춘것으로한정한다]
8511,"불꽃점화식이나압축점화식내연기관의점화용ㆍ시동용전기기기(예:점화용자석발전기ㆍ자석발전기ㆍ점화코일ㆍ점화플러그ㆍ예열플러그ㆍ시동전동기),내연기관에부속되는발전기(예:직류발전기ㆍ교류발전기)와개폐기"
8512,전기식 조명용이나 신호용 기구(제8539호의 물품은 제외한다.)ㆍ윈드스크린와이퍼(windscreen wiper)ㆍ제상기(defroster)ㆍ제무기(demister)(자전거용이나 자동차용으로 한정한다)
8513,"휴대용 전등(건전지ㆍ축전지ㆍ자석발전기와 같은 자체 전원기능을 갖춘것으로 한정하며, 제8512호의 조명기구는 제외한다)"
8514,공업용이나실험실용전기식노(爐)와오븐[전자유도식이나유전손실(dielectricloss)식을포함한다]과그밖의공업용이나실험실용의전자유도식이나유전손실(dielectricloss)식가열기
8515,"전기식(전기발열에따른가스식을포함한다)ㆍ레이저나그밖의광선식ㆍ광자빔식ㆍ초음파식ㆍ전자빔식ㆍ자기펄스(magneticpulse)식ㆍ플라즈마아크(plasmaarc)식납땜용이나용접용기기(절단기능이있는지에상관없다),금속이나서멧(cermet)의가열분사용전기식기기"
8516,"전기식의 즉시식ㆍ저장식 물가열기와투입식 가열기, 난방기기와 토양가열기, 전기가열식 이용기기[예: 헤어드라이어ㆍ헤어컬러(hair curler)ㆍ컬링통히터(curling tong heater)], 손 건조기, 전기다리미, 그 밖의 가정용 전열기기, 전열용 저항체(제8545호의 것은 제외한다)"
8517,"전화기(셀룰러통신망이나그밖의무선통신망용전화기를포함한다)와음성ㆍ영상이나그밖의자료의송신용ㆍ수신용그밖의기기(근거리통신망이나원거리통신망과같은유선ㆍ무선통신망에서통신하기위한기기를포함하며,제8443호ㆍ제8525호ㆍ제8527호ㆍ제8528호의송신용ㆍ수신용기기는제외한다)"
8518,"마이크로폰과그스탠드,확성기[인클로저(enclosure)에장착된것인지에상관없다],헤드폰과이어폰(마이크로폰이부착된것인지에상관없다),마이크로폰과한개이상의확성기로구성된세트,가청주파증폭기,음향증폭세트"
8519,음성녹음용이나재생용기기
8521,영상기록용이나재생용기기(비디오튜너를결합한것인지에상관없다)
8522,제8519호나제8521호의기기에전용되거나주로사용되는부분품과부속품
8523,"디스크ㆍ테이프ㆍ솔리드 스테이트(solid-state)의 비휘발성 기억장치ㆍ스마트카드와 음성이나 그 밖의 현상의 기록용 기타 매체[기록된 것인지에 상관없으며 디스크 제조용 매트릭스(matrices)와 마스터(master)를 포함하되, 제37류의 물품은 제외한다]"
8525,라디오방송용이나텔레비전용송신기기(수신기기ㆍ음성기록기기ㆍ재생기기를갖춘것인지에상관없다)와텔레비전카메라ㆍ디지털카메라ㆍ비디오카메라레코더
8526,레이더기기ㆍ항행용무선기기ㆍ무선원격조절기기
8527,"라디오방송용수신기기(음성기록기기ㆍ재생기기,시계가동일한하우징내에결합된것인지에상관없다)"
8528,"텔레비전수신기기를갖추지않은모니터와프로젝터,텔레비전수신용기기(라디오방송용수신기기ㆍ음성이나영상의기록용기기나재생용기기를결합한것인지에상관없다)"
8529,부분품(제8525호부터제8528호까지에열거된물품에전용되거나주로사용되는것으로한정한다)
8530,철도용ㆍ궤도용ㆍ도로용ㆍ내륙수로용ㆍ주차장용ㆍ항만용ㆍ공항용전기식신호기기ㆍ안전기기ㆍ교통관제기기(제8608호의것은제외한다)
8531,"전기식음향이나시각신호용기기(예:벨ㆍ사이렌ㆍ표시반ㆍ도난경보기ㆍ화재경보기).다만,제8512호나제8530호의것은제외한다."
8532,축전기[고정식ㆍ가변식ㆍ조정식(프리세트)으로한정한다]
8533,"전기저항기[가감저항기(rheostat)와전위차계(potentiometer)를포함하며,전열용저항체는제외한다]"
8534,인쇄회로
8535,"전기회로의개폐용ㆍ보호용ㆍ접속용기기[예:개폐기ㆍ퓨즈ㆍ피뢰기ㆍ전압제한기ㆍ서지(surge)억제기ㆍ플러그와그밖의커넥터ㆍ접속함](전압이1,000볼트를초과하는것으로한정한다)"
8536,"전기회로의개폐용ㆍ보호용ㆍ접속용기기[예:개폐기ㆍ계전기ㆍ퓨즈ㆍ서지(surge)억제기ㆍ플러그ㆍ소켓ㆍ램프홀더와그밖의커넥터ㆍ접속함](전압이1,000볼트이하인것으로한정한다)와광섬유용ㆍ광섬유다발용ㆍ케이블용커넥터"
8537,"전기제어용이나배전용보드ㆍ패널ㆍ콘솔ㆍ책상ㆍ캐비닛과그밖의기반(基盤)(제8535호나제8536호의기기를두가지이상장착한것으로한정하고제90류의기기와수치제어기기와결합한것을포함하며,제8517호의교환기기는제외한다)"
8538,부분품(제8535호ㆍ제8536호ㆍ제8537호의기기에전용되거나주로사용되는것으로한정한다)
8539,"필라멘트램프나방전램프[실드빔램프유닛(sealedbeamlampunit)과자외선램프나적외선램프를포함한다],아크램프"
8540,열전자관ㆍ냉음극관ㆍ광전관[예:진공관ㆍ증기나가스를봉입한관ㆍ수은아크정류관ㆍ음극선관ㆍ텔레비전용촬상관(cameratube)]
8541,"다이오드ㆍ트랜지스터와이와유사한반도체디바이스,감광성반도체디바이스(광전지는모듈ㆍ패널에조립되었는지여부와관계없이포함한다),발광다이오드,장착된압전기결정소자"
8542,전자집적회로
8543,그밖의전기기기(이류에따로분류되지않은것으로서고유의기능을가진것으로한정한다)
8544,"절연(에나멜도포나산화피막처리를한것을포함한다)전선ㆍ케이블(동축케이블을포함한다)과그밖의전기절연도체(이것은접속자가부착된것인지에상관없다),광섬유케이블(섬유를개별피복하여만든것으로한정하며,전기도체나접속자가부착된것인지에상관없다)"
8545,"탄소전극ㆍ탄소브러시ㆍ램프용탄소ㆍ전지용탄소와그밖의흑연이나탄소제품(전기용으로한정하며,금속이함유된것인지에상관없다)"
8546,애자(어떤재료라도가능하다)
8547,"전기기기용으로서전부가절연재료로구성된절연용물품(나선가공소켓과같이단순히조립을위하여주조과정에서소량의금속이주입된것을포함하며,제8546호의애자는제외한다),비금속(卑金屬)으로만든전기용도관(導管)과그연결구류(절연재료로속을댄것으로한정한다)"
8548,"일차전지와축전지의웨이스트(waste)와스크랩(scrap),수명이끝난일차전지와축전지,기기의전기식부분품(이류에따로분류되지않은것으로한정한다)"
8607,철도용이나궤도용기관차나차량의부분품
8608,철도선로용  장치물과  기계식의  신호 .안전  또는  교통관제용의  기기
8609,콘테이너
8701,트랙터(제8709호의트랙터는제외한다)
8702,10인이상(운전자를포함한다)수송용자동차
8703,"주로사람을수송할수있도록설계된승용자동차와그밖의차량[제8702호의것은제외하며,스테이션왜건(stationwagon)과경주용자동차를포함한다]"
8704,화물자동차
8705,특수용도차량(주로사람이나화물수송용으로설계된것은제외한다)[예:구난차(breakdownlorry)ㆍ기중기차(cranelorry)ㆍ소방차ㆍ콘크리트믹서운반차ㆍ도로청소차ㆍ살포차ㆍ이동공작차ㆍ이동방사선차]
8706,엔진을  갖춘  샤시 (자동차용의  것 )
8707,"차체(운전실을포함하며,제8701호부터제8705호까지의자동차용으로한정한다)"
8708,부분품과부속품(제8701호부터제8705호까지의차량용으로한정한다)
8709,"공장ㆍ창고ㆍ부두ㆍ공항에서화물의단거리운반에사용하는형으로권양(捲揚)용이나하역용장비가결합되지않은자주식(自走式)작업차,철도역의플랫폼에서사용하는형의트랙터,이들의부분품"
8711,"모터사이클[모페드(moped)를포함한다]과보조모터를갖춘자전거[사이드카(side-car)를부착하였는지에상관없다],사이드카(side-car)"
8712,모터를  갖추지  않은  이륜자전거와  기타의  자전거
8713,신체장애인용차량(모터를갖추었는지또는기계구동식인지에상관없다)
8714,부분품과부속품(제8711호부터제8713호까지의차량의것으로한정한다)
8715,유모차와  그  부분품
8716,"트레일러와세미트레일러,기계구동식이아닌그밖의차량,이들의부분품"
8802,"그밖의항공기(예:헬리콥터ㆍ비행기),우주선(인공위성을포함한다),서보비틀(suborbital),우주선운반로켓"
8803,부분품(제8801호나제8802호의것으로한정한다)
8804,낙하산과  로토슈우트  및  이들의  부분품과  부속품
8805,"항공기발진장치,갑판착륙장치나이와유사한장치,지상비행훈련장치,이들의부분품"
8901,순항선ㆍ유람선ㆍ페리보트(ferry-boat)ㆍ화물선ㆍ부선(barge)과이와유사한선박(사람이나화물수송용으로한정한다)
8903,"요트,유람용이나운동용그밖의선박,노를젓는보트와카누"
8905,"조명선ㆍ소방선ㆍ준설선ㆍ기중기선과주로항해외의특수기능을가지는그밖의특수선박,부선거(艀船渠),물에뜨거나잠길수있는시추대나작업대"
8907,그밖의물에뜨는구조물[예:부교ㆍ탱크ㆍ코퍼댐(coffer-dam)ㆍ부잔교(landingstage)ㆍ부표ㆍ수로부표]
8908,선박과  기타의  물에  뜨는  구조물 (해체용의  것에한한다 )
9001,"광섬유와광섬유다발,제8544호의것외의광섬유케이블,편광재료(polarizingmaterial)로만든판,각종재료로만든렌즈(콘택트렌즈를포함한다),프리즘ㆍ반사경과그밖의광학용품으로서장착되지않은것(광학적으로가공하지않은유리로만든광학용품은제외한다)"
9002,"각종재료로만든렌즈ㆍ프리즘ㆍ반사경과그밖의광학용품(장착된것으로서기기의부분품으로사용하거나기기에부착하여사용하는것으로한정하며,광학적으로가공하지않은유리로만든것은제외한다)"
9003,"안경ㆍ고글이나이와유사한물품의테와장착구,이들의부분품"
9004,시력교정용ㆍ보호용이나그밖의용도의안경ㆍ고글과이와유사한물품
9005,"쌍안경ㆍ단안경ㆍ그밖의광학식망원경과이들의장착구,그밖의천체관측용기기와그장착구(전파관측용기기는제외한다)"
9006,"사진기(영화용은제외한다),사진용섬광기구와제8539호의방전램프외의섬광전구"
9007,영화용촬영기와영사기(음성의기록기기나재생기기를갖춘것인지에상관없다)
9008,투영기ㆍ사진확대기와사진축소기(영화용은제외한다)
9010,"사진(영화를포함한다)현상실용기기(이류에따로분류되지않은것으로한정한다),네가토스코프(negatoscope),영사용스크린"
9011,광학현미경(마이크로사진용ㆍ마이크로영화촬영용ㆍ마이크로영사용을포함한다)
9012,광학현미경외의현미경과회절기기(diffractionapparatus)
9013,"액정디바이스(다른호에서더구체적으로규정한물품을구성하는것은제외한다),레이저기기[레이저다이오드(laserdiode)는제외한다],그밖의광학기기(이류에따로분류되지않은것으로한정한다)"
9014,방향탐지용컴퍼스(compass)와그밖의항행용기기
9015,토지측량기기(사진측량용을포함한다)ㆍ수로측량기기ㆍ해양측량기기ㆍ수리계측기기ㆍ기상관측기기ㆍ지구물리학용기기[컴퍼스(compass)는제외한다]ㆍ거리측정기
9016,감량 50MG이내의  저울 (추의  유무를  불물 )
9017,"제도용구ㆍ설계용구ㆍ계산용구(예:제도기ㆍ축소확대기ㆍ분도기ㆍ제도세트ㆍ계산척ㆍ계산반),수지식길이측정용구[예:곧은자와줄자ㆍ마이크로미터ㆍ캘리퍼스(callipers)](이류에따로분류되지않은것으로한정한다)"
9018,내과용ㆍ외과용ㆍ치과용ㆍ수의용기기[신티그래픽(scintigraphic)식진단기기ㆍ그밖의전기식의료기기와시력검사기기를포함한다]
9019,"기계요법용기기,마사지용기기,심리학적적성검사용기기,오존흡입기ㆍ산소흡입기ㆍ에어로졸치료기ㆍ인공호흡기나그밖의치료용호흡기기"
9020,기타의  호흡용  기기와  가스마스크
9021,"정형외과용기기(목발ㆍ외과용벨트와탈장대를포함한다),골절치료용부목과그밖의골절치료구,인조인체부분,보청기,결함ㆍ불구를보정하기위하여착용하거나휴대하거나인체에삽입하는그밖의기기"
9022,엑스선이나알파선ㆍ베타선ㆍ감마선을사용하는기기(내과용ㆍ외과용ㆍ치과용ㆍ수의용인지에상관없으며방사선사진용이나방사선치료용기기ㆍ엑스선관과그밖의엑스선발생기ㆍ고압발생기ㆍ조절반ㆍ스크린ㆍ검사용이나치료용테이블ㆍ의자와이와유사한물품을포함한다)
9023,교육용 .전시용등  실물설명용에  적합한  기기와  모형
9024,재료(예:금속ㆍ목재ㆍ직물ㆍ종이ㆍ플라스틱)의경도ㆍ항장력ㆍ압축성ㆍ탄성이나그밖의기계적성질의시험용기기
9025,"액체비중계와이와유사한부력식측정기ㆍ온도계ㆍ고온계ㆍ기압계ㆍ습도계와건습습도계(이들을결합한것을포함하며,기록장치가있는지에상관없다)"
9026,"액체나기체의유량ㆍ액면ㆍ압력이나그밖의변량(變量)의측정용이나검사용기기(예:유량계ㆍ액면계ㆍ압력계ㆍ열측정계).다만,제9014호ㆍ제9015호ㆍ제9028호ㆍ제9032호의것은제외한다."
9027,"물리나화학분석용기기(예:편광계ㆍ굴절계ㆍ분광계ㆍ가스나매연분석기),점도ㆍ포로서티(porosity)ㆍ팽창ㆍ표면장력이나이와유사한것의측정용이나검사용기기,열ㆍ소리ㆍ빛의양의측정용이나검사용기기(노출계를포함한다),마이크로톰(microtome)"
9028,기체ㆍ액체ㆍ전기의적산(積算)용계기(그검정용계기를포함한다)
9029,"적산(積算)회전계ㆍ생산량계ㆍ택시미터ㆍ주행거리계ㆍ보수계와이와유사한계기,속도계와회전속도계(제9014호나제9015호의것은제외한다),스트로보스코프(stroboscope)"
9030,"오실로스코프(Oscilloscope)ㆍ스펙트럼분석기와그밖의전기적양의측정용이나검사용기기(제9028호의것은제외한다),알파선ㆍ베타선ㆍ감마선ㆍ엑스선ㆍ우주선이나그밖의전리선의검사용이나검출용기기"
9031,그밖의측정용이나검사용기기(이류에따로분류되지않은것으로한정한다)와윤곽투영기
9032,자동조절용이나자동제어용기기
9033,광학기기 .사진용기기 .영화용기기 .계측기기 .정밀기기의기타  부분품
9101,"손목시계ㆍ회중시계와그밖의휴대용시계(스톱워치를포함하며,케이스를귀금속으로만든것이나귀금속을입힌금속으로만든것으로한정한다)"
9102,손목시계ㆍ회중시계와그밖의휴대용시계(스톱워치를포함하되제9101호의것은제외한다)
9104,차량용 .항공기용 .우주선용 .선박용의  계기반클록  및유사한  클록
9105,그밖의클록(clock)
9106,시각을기록하는기기와시계의무브먼트(movement)나동기(同期)전동기를갖춘것으로서시간을측정ㆍ기록하거나알리는기기[예:타임레지스터(time-register)ㆍ타임레코더(time-recorder)]
9107,타임스위치 (클록  또는  워치  무브먼트  또는  동기전동기를  갖춘  것 )
9108,휴대용시계의무브먼트(movement)(완전한것으로서조립된것으로한정한다)
9109,클록무브먼트(clockmovement)(완전한것으로서조립된것으로한정한다)
9111,휴대용시계의케이스와그부분품
9113,휴대용시곗줄ㆍ휴대용시계밴드ㆍ휴대용시계팔찌와이들의부분품
9114,그밖의시계의부분품
9201,피아노(자동피아노를포함한다)ㆍ하프시코드(harpsichord)와그밖의건반이있는현악기
9202,그밖의현악기(예:기타ㆍ바이올린ㆍ하프)
9205,관악기(예:키보드파이프오르간ㆍ아코디언ㆍ클라리넷ㆍ트럼펫ㆍ백파이프)[페어그라운드오르간(fairgroundorgan)과메커니컬스트리트오르간(mechanicalstreetorgan)은제외한다]
9207,전기적으로음이발생하거나증폭되는악기(예:오르간ㆍ기타ㆍ아코디언)
9209,"악기의부분품(예:뮤지컬박스용메카니즘)과부속품(예:기계식악기용카드ㆍ디스크ㆍ롤),박절기(metronom)ㆍ소리굽쇠,각종조율관(調律管)"
9305,부분품과부속품(제9301호부터제9304호까지의것으로한정한다)
9401,의자(침대로겸용할수있는지에상관없으며제9402호의것은제외한다)와그부분품
9402,"내과용ㆍ외과용ㆍ치과용ㆍ수의용가구류(예:수술대ㆍ검사대ㆍ기계식장비를갖춘병원용침대ㆍ치과용의자),회전ㆍ뒤로젖힘ㆍ상하조절기능을갖춘이발용의자와이와유사한의자,이들의부분품"
9403,그밖의가구와그부분품
9404,"매트리스서포트(mattresssupport),침구와이와유사한물품[예:매트리스ㆍ이불ㆍ우모이불ㆍ쿠션ㆍ푸프(pouff)ㆍ베개]으로서스프링을부착한것이나각종재료를채우거나내부에끼워넣은것이나셀룰러고무나플라스틱으로만든것(피복하였는지에상관없다)"
9405,"램프ㆍ조명기구[서치라이트(searchlight)ㆍ스포트라이트(spotlight)와이들의부분품을포함하고,따로분류되지않은것으로한정한다],조명용사인ㆍ조명용네임플레이트(name-plate)와이와유사한물품(광원이고정되어있는것으로한정한다),이들의부분품(따로분류되지않은것으로한정한다)"
9406,조립식  건물
9503,기타의  완구 .축소모형과  이와  유사한  오락용  모형 (작동하는것인지  여부  불문 )및  각종의  퍼즐
9504,비디오게임콘솔과비디오게임기ㆍ오락용구ㆍ테이블게임용구나실내게임용구(핀테이블용구ㆍ당구용구ㆍ카지노게임용특수테이블ㆍ자동식볼링장용구를포함한다)
9505,축제용품ㆍ카니발용품이나 그 밖의 오락용품[마술용품과 기술(奇術)용품을 포함한다]
9506,"일반적으로육체적운동ㆍ체조ㆍ육상ㆍ그밖의운동에사용하는물품(탁구용품을포함한다),옥외게임용품(이류에따로분류되지않은것으로한정한다),수영장용품과패들링풀(paddlingpool)용품"
9507,"낚싯대ㆍ낚싯바늘과그밖의낚시용구,낚시용망ㆍ포충망(捕蟲網)과이와유사한망,조류유인용구(제9208호나제9705호의것은제외한다)와이와유사한수렵용구"
9508,회전목마ㆍ그네ㆍ실내사격연습장용품과그밖의놀이공원용품과순회서커스ㆍ순회동물원ㆍ순회극장용품
9601,가공한아이보리(ivory)ㆍ뼈ㆍ귀갑(龜甲)ㆍ뿔ㆍ가지진뿔ㆍ산호ㆍ자개ㆍ그밖의동물성조각용재료와그제품(성형품을포함한다)
9602,"가공한  식물성 .광물성의  조각용  재료  및  그  제품 ,성형품 .조각품"
9603,"비ㆍ브러시(기계ㆍ기구ㆍ차량등의부분품을구성하는브러시를포함한다)ㆍ모터를갖추지않은기계식바닥청소기(수동식으로한정한다)ㆍ모프(mop)ㆍ깃먼지털이,비나브러시의제조용으로묶었거나술(tuft)의모양으로정돈한물품,페인트용패드ㆍ롤러ㆍ스퀴지(squeegee)[롤러스퀴지(rollersqueegee)는제외한다]"
9604,수동식의  체  및  어레미
9605,개인용의  여행세트 (화장용 .바느질용 .신발  또는  의류  청소용의  것 )
9606,"단추ㆍ프레스파스너(press-fastener)ㆍ스냅파스너(snapfastener)ㆍ프레스스터드(press-stud)ㆍ단추의몰드(mould)와이들의부분품,단추블랭크(blank)"
9607,슬라이드파스너(slidefastener)와그부분품
9608,"볼펜,팁(tip)이펠트로된것과그밖의포러스팁(porous-tip)으로된펜과마커,만년필ㆍ철필(鐵筆)형만년필(stylographpen)과그밖의펜,복사용철필(鐵筆),프로펠링펜슬(propellingpencil)이나슬라이딩펜슬(slidingpencil),펜홀더ㆍ펜슬홀더와이와유사한홀더,이들의부분품[캡과클립(clip)을포함하며제9609호의것은제외한다]"
9609,연필(제9608호의펜슬은제외한다)ㆍ크레용ㆍ연필심ㆍ파스텔ㆍ도화용목탄ㆍ필기용이나도화용초크와재단사용초크
9610,석판과  보오드 (필기용 .도화용의  면을  갖춘  것 )
9611,일부인 .봉합용  스탬프 .넘버링  스탬프  및  유사물품 (수동식의  것 )
9612,"타자기용리본이나이와유사한리본(잉크가침투되어있거나인쇄에사용할수있는상태인것을포함하며,스풀에감긴것이거나카트리지모양인지에상관없다)과잉크패드(잉크가침투되어있는지또는상자들이의것인지에상관없다)"
9613,흡연용라이터와그밖의라이터(기계식이나전기식인지에상관없다)와이들의부분품(라이터돌과심지는제외한다)
9615,빗ㆍ헤어슬라이드(hair-slide)와이와유사한물품ㆍ머리핀ㆍ컬링핀(curlingpin)ㆍ컬링그립(curlinggrip)ㆍ헤어컬러(haircurler)와이와유사한물품(제8516호에해당하는물품은제외한다)과이들의부분품
9616,"향수용분무기와이와유사한화장용분무기,이들의마운트(mount)와두부(頭部),화장용분첩과패드"
9617,보온병과  기타의  진공용기 (케이스  갖춘  것 )및  그부분품
9618,"마네킨인형 .기타  모델용  인형 ,자동인형과  기타  움직이는  전시용품"
9619,"위생타월(패드)ㆍ탐폰(tampon),유아용냅킨ㆍ냅킨라이너(napkinliner)와이와유사한물품(어떤재질이라도가능하다)"
9620,일각대ㆍ양각대ㆍ삼각대와 이와 유사한 물품
9701,"회화ㆍ데생ㆍ파스텔(손으로직접그린것으로한정하며,제4906호의도안과손으로그렸거나장식한가공품은제외한다),콜라주(collage)와이와유사한장식판"
9702,오리지날  판화 .인쇄화와  석판화
9703,오리지날  조각과  조상 (재료의  종류는  불문 )